{"nodes":{"id":"4183:41272","name":"Home page","type":"FRAME","strokeWeight":1,"strokeAlign":"INSIDE","cornerRadius":20,"blendMode":"PASS_THROUGH","clipsContent":true,"constraints":{"vertical":"TOP","horizontal":"LEFT"},"absoluteBoundingBox":{"x":938,"y":-4886,"width":1366,"height":1117},"children":[{"id":"4183:41273","name":"Container","type":"INSTANCE","absoluteBoundingBox":{"x":2206,"y":-4858,"width":70,"height":60},"componentId":"533:36945","children":[{"id":"I4183:41273;533:36946","name":"Icon","type":"FRAME","layoutSizingHorizontal":"FIXED","layoutSizingVertical":"FIXED","layoutAlign":"INHERIT","layoutGrow":0,"strokeWeight":0.4201567471027374,"strokeAlign":"INSIDE","blendMode":"PASS_THROUGH","clipsContent":false,"constraints":{"vertical":"TOP","horizontal":"LEFT"},"absoluteBoundingBox":{"x":2226,"y":-4842,"width":30.382978439331055,"height":28},"children":[]},{"id":"I4183:41273;533:36951","name":"Button/Small","type":"INSTANCE","layoutAlign":"INHERIT","layoutGrow":0,"absoluteBoundingBox":{"x":2441,"y":-4837,"width":88,"height":24},"componentId":"4646:133923","componentProperties":{"Icon left#835:16":{"type":"INSTANCE_SWAP","value":"4646:133539","preferredValues":[]},"Has text#835:20":{"type":"BOOLEAN","value":true},"Has icon right?#835:17":{"type":"BOOLEAN","value":true},"Icon right#835:18":{"type":"INSTANCE_SWAP","value":"4646:138800","preferredValues":[]},"Has icon left?#835:19":{"type":"BOOLEAN","value":false},"Label#835:15":{"type":"TEXT","value":"Continue"},"Type":{"value":"Text Link","type":"VARIANT","boundVariables":{}},"State":{"value":"Idle","type":"VARIANT","boundVariables":{}}},"children":[{"id":"I4183:41273;533:36951;25:526","name":"Small","type":"TEXT","characters":"Continue","style":{"fontFamily":"Noto Sans","fontSize":13,"textAlignHorizontal":"CENTER","letterSpacing":0,"fontWeight":700}},{"id":"I4183:41273;533:36951;25:527","name":"system-Icons/Arrow","type":"INSTANCE","layoutAlign":"INHERIT","layoutGrow":0,"absoluteBoundingBox":{"x":2505,"y":-4837,"width":24,"height":24},"componentId":"4646:138800","componentProperties":{"Directions":{"value":"Right","type":"VARIANT","boundVariables":{}},"Size":{"value":"Small","type":"VARIANT","boundVariables":{}}},"children":[]}]}]},{"id":"4183:41386","name":"Frame 1171275988","type":"FRAME","layoutMode":"VERTICAL","layoutSizingHorizontal":"FIXED","layoutSizingVertical":"HUG","layoutWrap":"NO_WRAP","counterAxisSizingMode":"FIXED","itemSpacing":32,"strokeWeight":1,"strokeAlign":"INSIDE","blendMode":"PASS_THROUGH","clipsContent":false,"constraints":{"vertical":"TOP","horizontal":"LEFT"},"absoluteBoundingBox":{"x":1713,"y":-4799,"width":440,"height":370},"children":[{"id":"4183:41387","name":"Frame 1010107394","type":"FRAME","layoutMode":"VERTICAL","layoutSizingHorizontal":"FIXED","layoutSizingVertical":"HUG","layoutWrap":"NO_WRAP","counterAxisSizingMode":"FIXED","itemSpacing":8,"layoutAlign":"INHERIT","layoutGrow":0,"strokeWeight":1,"strokeAlign":"INSIDE","blendMode":"PASS_THROUGH","clipsContent":false,"constraints":{"vertical":"TOP","horizontal":"LEFT"},"absoluteBoundingBox":{"x":1713,"y":-4799,"width":468,"height":76},"children":[{"id":"4183:41388","name":"Do you have the contactdetails of the Policy holder?","type":"TEXT","characters":"Do you have the contactdetails of the Policy holder?","style":{"fontFamily":"Lato","fontSize":32,"textAlignHorizontal":"LEFT","letterSpacing":-0.03999999910593033,"fontWeight":400}}]},{"id":"4183:41390","name":"Options Container","type":"FRAME","layoutMode":"VERTICAL","layoutSizingHorizontal":"FIXED","layoutSizingVertical":"HUG","layoutWrap":"NO_WRAP","counterAxisSizingMode":"FIXED","itemSpacing":24,"layoutAlign":"INHERIT","layoutGrow":0,"strokeWeight":1,"strokeAlign":"INSIDE","blendMode":"PASS_THROUGH","clipsContent":false,"constraints":{"vertical":"TOP","horizontal":"LEFT"},"absoluteBoundingBox":{"x":1713,"y":-4691,"width":440,"height":262},"children":[{"id":"4183:41391","name":"Death Claim","type":"FRAME","layoutMode":"VERTICAL","layoutSizingHorizontal":"FILL","layoutSizingVertical":"HUG","layoutWrap":"NO_WRAP","counterAxisSizingMode":"FIXED","primaryAxisAlignItems":"CENTER","itemSpacing":8,"layoutAlign":"STRETCH","layoutGrow":0,"strokeWeight":1,"strokeAlign":"INSIDE","blendMode":"PASS_THROUGH","clipsContent":false,"constraints":{"vertical":"TOP","horizontal":"LEFT"},"absoluteBoundingBox":{"x":1713,"y":-4691,"width":440,"height":80},"children":[{"id":"4183:41392","name":"Option Container","type":"FRAME","layoutMode":"VERTICAL","layoutSizingHorizontal":"FILL","layoutSizingVertical":"HUG","layoutWrap":"NO_WRAP","counterAxisSizingMode":"FIXED","itemSpacing":16,"layoutAlign":"STRETCH","layoutGrow":0,"strokeWeight":1,"strokeAlign":"INSIDE","blendMode":"PASS_THROUGH","clipsContent":false,"constraints":{"vertical":"TOP","horizontal":"LEFT"},"absoluteBoundingBox":{"x":1713,"y":-4691,"width":440,"height":80},"children":[{"id":"4183:41393","name":"Option Content","type":"FRAME","layoutMode":"HORIZONTAL","layoutSizingHorizontal":"FILL","layoutSizingVertical":"HUG","layoutWrap":"NO_WRAP","primaryAxisSizingMode":"FIXED","counterAxisAlignItems":"CENTER","layoutAlign":"STRETCH","layoutGrow":0,"strokeWeight":1,"strokeAlign":"OUTSIDE","cornerRadius":8,"blendMode":"PASS_THROUGH","clipsContent":false,"constraints":{"vertical":"TOP","horizontal":"LEFT"},"absoluteBoundingBox":{"x":1713,"y":-4691,"width":440,"height":80},"padding":"16 2","effects":["box-shadow: 0px 4px 12px 0px rgba(144, 164, 202, 0.20000000298023224)"],"children":[{"id":"4183:41394","name":"Option Selection","type":"FRAME","layoutMode":"HORIZONTAL","layoutSizingHorizontal":"FILL","layoutSizingVertical":"HUG","layoutWrap":"NO_WRAP","primaryAxisSizingMode":"FIXED","itemSpacing":12,"layoutAlign":"INHERIT","layoutGrow":1,"strokeWeight":1,"strokeAlign":"INSIDE","blendMode":"PASS_THROUGH","clipsContent":false,"constraints":{"vertical":"TOP","horizontal":"LEFT"},"absoluteBoundingBox":{"x":1715,"y":-4675,"width":436,"height":48},"padding":"undefined 16","children":[{"id":"4183:41395","name":"Input/Control/Radio","type":"INSTANCE","layoutAlign":"INHERIT","layoutGrow":0,"absoluteBoundingBox":{"x":1731,"y":-4675,"width":16.66666603088379,"height":23.33333396911621},"componentId":"4646:137050","componentProperties":{"Has text?#1607:35":{"type":"BOOLEAN","value":false},"Label#1607:26":{"type":"TEXT","value":"Nominee"},"Type":{"value":"Unselected","type":"VARIANT","boundVariables":{}},"State":{"value":"Enabled","type":"VARIANT","boundVariables":{}}},"children":[{"id":"I4183:41395;113:1312","name":"radio","type":"FRAME","layoutMode":"HORIZONTAL","layoutSizingHorizontal":"HUG","layoutSizingVertical":"FIXED","layoutWrap":"NO_WRAP","counterAxisSizingMode":"FIXED","counterAxisAlignItems":"CENTER","itemSpacing":10,"layoutAlign":"INHERIT","layoutGrow":0,"strokeWeight":0.8333333134651184,"strokeAlign":"INSIDE","blendMode":"PASS_THROUGH","clipsContent":false,"constraints":{"vertical":"TOP","horizontal":"LEFT"},"absoluteBoundingBox":{"x":1731,"y":-4673.33349609375,"width":16.66666603088379,"height":20},"children":[]}]},{"id":"4183:41396","name":"Option Details","type":"FRAME","layoutMode":"VERTICAL","layoutSizingHorizontal":"FILL","layoutSizingVertical":"HUG","layoutWrap":"NO_WRAP","counterAxisSizingMode":"FIXED","primaryAxisAlignItems":"CENTER","itemSpacing":8,"layoutAlign":"INHERIT","layoutGrow":1,"strokeWeight":1,"strokeAlign":"INSIDE","blendMode":"PASS_THROUGH","clipsContent":false,"constraints":{"vertical":"TOP","horizontal":"LEFT"},"absoluteBoundingBox":{"x":1759.6666259765625,"y":-4675,"width":375.3333435058594,"height":48},"children":[{"id":"4183:41397","name":"Option Title Container","type":"FRAME","layoutMode":"VERTICAL","layoutSizingHorizontal":"FILL","layoutSizingVertical":"HUG","layoutWrap":"NO_WRAP","counterAxisSizingMode":"FIXED","itemSpacing":2,"layoutAlign":"STRETCH","layoutGrow":0,"strokeWeight":1,"strokeAlign":"INSIDE","blendMode":"PASS_THROUGH","clipsContent":false,"constraints":{"vertical":"TOP","horizontal":"LEFT"},"absoluteBoundingBox":{"x":1759.6666259765625,"y":-4675,"width":375.3333435058594,"height":22},"children":[{"id":"4183:41398","name":"Option Title","type":"TEXT","characters":"Yes","style":{"fontFamily":"Noto Sans","fontSize":16,"textAlignHorizontal":"LEFT","letterSpacing":0,"fontWeight":500}}]},{"id":"4183:41399","name":"Option Description Container","type":"FRAME","layoutMode":"VERTICAL","layoutSizingHorizontal":"FILL","layoutSizingVertical":"HUG","layoutWrap":"NO_WRAP","counterAxisSizingMode":"FIXED","itemSpacing":2,"layoutAlign":"STRETCH","layoutGrow":0,"strokeWeight":1,"strokeAlign":"INSIDE","blendMode":"PASS_THROUGH","clipsContent":false,"constraints":{"vertical":"TOP","horizontal":"LEFT"},"absoluteBoundingBox":{"x":1759.6666259765625,"y":-4645,"width":375.3333435058594,"height":18},"children":[{"id":"4183:41400","name":"I have the Life Assured’s mobile/email","type":"TEXT","characters":"I have the Life Assured’s mobile/email","style":{"fontFamily":"Noto Sans","fontSize":13,"textAlignHorizontal":"LEFT","letterSpacing":0,"fontWeight":400}}]}]}]}]}]}]},{"id":"4183:41405","name":"Frame 1171277421","type":"FRAME","layoutMode":"VERTICAL","layoutSizingHorizontal":"FILL","layoutSizingVertical":"HUG","layoutWrap":"NO_WRAP","counterAxisSizingMode":"FIXED","layoutAlign":"STRETCH","layoutGrow":0,"strokeWeight":1,"strokeAlign":"INSIDE","blendMode":"PASS_THROUGH","clipsContent":false,"constraints":{"vertical":"TOP","horizontal":"LEFT"},"absoluteBoundingBox":{"x":1713,"y":-4587,"width":440,"height":158},"children":[{"id":"4183:41406","name":"Option Container","type":"FRAME","layoutMode":"VERTICAL","layoutSizingHorizontal":"FILL","layoutSizingVertical":"HUG","layoutWrap":"NO_WRAP","counterAxisSizingMode":"FIXED","itemSpacing":16,"layoutAlign":"STRETCH","layoutGrow":0,"strokeWeight":1,"strokeAlign":"INSIDE","blendMode":"PASS_THROUGH","clipsContent":false,"constraints":{"vertical":"TOP","horizontal":"LEFT"},"absoluteBoundingBox":{"x":1713,"y":-4587,"width":440,"height":98},"children":[{"id":"4183:41407","name":"Option Content","type":"FRAME","layoutMode":"HORIZONTAL","layoutSizingHorizontal":"FILL","layoutSizingVertical":"HUG","layoutWrap":"NO_WRAP","primaryAxisSizingMode":"FIXED","counterAxisAlignItems":"CENTER","layoutAlign":"STRETCH","layoutGrow":0,"strokeWeight":1,"strokeAlign":"OUTSIDE","cornerRadius":8,"blendMode":"PASS_THROUGH","clipsContent":false,"constraints":{"vertical":"TOP","horizontal":"LEFT"},"absoluteBoundingBox":{"x":1713,"y":-4587,"width":440,"height":98},"padding":"16 2","effects":["box-shadow: 0px 4px 12px 0px rgba(144, 164, 202, 0.20000000298023224)"],"children":[{"id":"4183:41408","name":"Option Selection","type":"FRAME","layoutMode":"HORIZONTAL","layoutSizingHorizontal":"FILL","layoutSizingVertical":"HUG","layoutWrap":"NO_WRAP","primaryAxisSizingMode":"FIXED","itemSpacing":12,"layoutAlign":"INHERIT","layoutGrow":1,"strokeWeight":1,"strokeAlign":"INSIDE","blendMode":"PASS_THROUGH","clipsContent":false,"constraints":{"vertical":"TOP","horizontal":"LEFT"},"absoluteBoundingBox":{"x":1715,"y":-4571,"width":436,"height":66},"padding":"undefined 16","children":[{"id":"4183:41409","name":"Input/Control/Radio","type":"INSTANCE","layoutAlign":"INHERIT","layoutGrow":0,"absoluteBoundingBox":{"x":1731,"y":-4571,"width":16.66666603088379,"height":23.33333396911621},"componentId":"4646:137050","componentProperties":{"Has text?#1607:35":{"type":"BOOLEAN","value":false},"Label#1607:26":{"type":"TEXT","value":"Nominee"},"Type":{"value":"Unselected","type":"VARIANT","boundVariables":{}},"State":{"value":"Enabled","type":"VARIANT","boundVariables":{}}},"children":[{"id":"I4183:41409;113:1312","name":"radio","type":"FRAME","layoutMode":"HORIZONTAL","layoutSizingHorizontal":"HUG","layoutSizingVertical":"FIXED","layoutWrap":"NO_WRAP","counterAxisSizingMode":"FIXED","counterAxisAlignItems":"CENTER","itemSpacing":10,"layoutAlign":"INHERIT","layoutGrow":0,"strokeWeight":0.8333333134651184,"strokeAlign":"INSIDE","blendMode":"PASS_THROUGH","clipsContent":false,"constraints":{"vertical":"TOP","horizontal":"LEFT"},"absoluteBoundingBox":{"x":1731,"y":-4569.33349609375,"width":16.66666603088379,"height":20},"children":[]}]},{"id":"4183:41410","name":"Option Details","type":"FRAME","layoutMode":"VERTICAL","layoutSizingHorizontal":"FILL","layoutSizingVertical":"HUG","layoutWrap":"NO_WRAP","counterAxisSizingMode":"FIXED","primaryAxisAlignItems":"CENTER","itemSpacing":8,"layoutAlign":"INHERIT","layoutGrow":1,"strokeWeight":1,"strokeAlign":"INSIDE","blendMode":"PASS_THROUGH","clipsContent":false,"constraints":{"vertical":"TOP","horizontal":"LEFT"},"absoluteBoundingBox":{"x":1759.6666259765625,"y":-4571,"width":375.3333435058594,"height":66},"children":[{"id":"4183:41411","name":"Option Title Container","type":"FRAME","layoutMode":"VERTICAL","layoutSizingHorizontal":"FILL","layoutSizingVertical":"HUG","layoutWrap":"NO_WRAP","counterAxisSizingMode":"FIXED","itemSpacing":2,"layoutAlign":"STRETCH","layoutGrow":0,"strokeWeight":1,"strokeAlign":"INSIDE","blendMode":"PASS_THROUGH","clipsContent":false,"constraints":{"vertical":"TOP","horizontal":"LEFT"},"absoluteBoundingBox":{"x":1759.6666259765625,"y":-4571,"width":375.3333435058594,"height":22},"children":[{"id":"4183:41412","name":"Option Title","type":"TEXT","characters":"No","style":{"fontFamily":"Noto Sans","fontSize":16,"textAlignHorizontal":"LEFT","letterSpacing":0,"fontWeight":500}}]},{"id":"4183:41413","name":"Option Description Container","type":"FRAME","layoutMode":"VERTICAL","layoutSizingHorizontal":"FILL","layoutSizingVertical":"HUG","layoutWrap":"NO_WRAP","counterAxisSizingMode":"FIXED","itemSpacing":2,"layoutAlign":"STRETCH","layoutGrow":0,"strokeWeight":1,"strokeAlign":"INSIDE","blendMode":"PASS_THROUGH","clipsContent":false,"constraints":{"vertical":"TOP","horizontal":"LEFT"},"absoluteBoundingBox":{"x":1759.6666259765625,"y":-4541,"width":375.3333435058594,"height":36},"children":[{"id":"4183:41414","name":"Option Description","type":"TEXT","characters":"I do not have policy holder’s mobile number or email ID access\r","style":{"fontFamily":"Noto Sans","fontSize":13,"textAlignHorizontal":"LEFT","letterSpacing":0,"fontWeight":400}}]}]}]}]}]},{"id":"4592:29672","name":"Frame 1171277459","type":"FRAME","layoutMode":"HORIZONTAL","layoutSizingHorizontal":"FILL","layoutSizingVertical":"HUG","layoutWrap":"NO_WRAP","primaryAxisSizingMode":"FIXED","counterAxisAlignItems":"CENTER","itemSpacing":8,"layoutAlign":"STRETCH","layoutGrow":0,"strokeWeight":1,"strokeAlign":"INSIDE","blendMode":"PASS_THROUGH","clipsContent":false,"constraints":{"vertical":"TOP","horizontal":"LEFT"},"absoluteBoundingBox":{"x":1713,"y":-4489,"width":440,"height":60},"padding":"12 16","children":[{"id":"4592:29669","name":"system-Icons/Info","type":"INSTANCE","layoutAlign":"INHERIT","layoutGrow":0,"absoluteBoundingBox":{"x":1729,"y":-4471,"width":24,"height":24},"componentId":"4646:138577","componentProperties":{"Size":{"value":"Small","type":"VARIANT","boundVariables":{}}},"children":[]},{"id":"4592:29671","name":"Claims from unregistered numbers may take longerto process","type":"TEXT","characters":"Claims from unregistered numbers may take longerto process","style":{"fontFamily":"Noto Sans","fontSize":13,"textAlignHorizontal":"LEFT","letterSpacing":0,"fontWeight":400}}]}]}]}]},{"id":"4183:41420","name":"Icons/Arrow","type":"INSTANCE","absoluteBoundingBox":{"x":1672,"y":-4790,"width":24,"height":24},"componentId":"332:7798","componentProperties":{"Directions":{"value":"Left","type":"VARIANT","boundVariables":{}},"Size":{"value":"Default","type":"VARIANT","boundVariables":{}}},"children":[]},{"id":"4384:22309","name":"Frame 1010107355","type":"FRAME","strokeWeight":1,"strokeAlign":"INSIDE","cornerRadius":16,"blendMode":"PASS_THROUGH","clipsContent":true,"constraints":{"vertical":"TOP","horizontal":"LEFT"},"absoluteBoundingBox":{"x":950,"y":-4874,"width":642,"height":794},"children":[{"id":"4384:22310","name":"Steps Section","type":"FRAME","layoutMode":"VERTICAL","layoutSizingHorizontal":"FIXED","layoutSizingVertical":"FIXED","layoutWrap":"NO_WRAP","primaryAxisSizingMode":"FIXED","counterAxisSizingMode":"FIXED","counterAxisAlignItems":"CENTER","itemSpacing":49,"strokeWeight":1,"strokeAlign":"INSIDE","blendMode":"PASS_THROUGH","clipsContent":false,"constraints":{"vertical":"TOP","horizontal":"CENTER"},"absoluteBoundingBox":{"x":982,"y":-4849,"width":579,"height":715},"children":[{"id":"4384:22311","name":"Frame 1171277435","type":"FRAME","layoutMode":"VERTICAL","layoutSizingHorizontal":"FILL","layoutSizingVertical":"HUG","layoutWrap":"NO_WRAP","counterAxisSizingMode":"FIXED","counterAxisAlignItems":"CENTER","itemSpacing":40,"layoutAlign":"STRETCH","layoutGrow":0,"strokeWeight":1,"strokeAlign":"INSIDE","cornerRadius":24,"blendMode":"PASS_THROUGH","clipsContent":false,"constraints":{"vertical":"TOP","horizontal":"LEFT"},"absoluteBoundingBox":{"x":982,"y":-4849,"width":579,"height":251.1999969482422},"padding":"64 16 40","children":[{"id":"4384:22312","name":"Steps Title Container","type":"FRAME","layoutMode":"VERTICAL","layoutSizingHorizontal":"FIXED","layoutSizingVertical":"FIXED","layoutWrap":"NO_WRAP","primaryAxisSizingMode":"FIXED","counterAxisSizingMode":"FIXED","counterAxisAlignItems":"CENTER","itemSpacing":20,"layoutAlign":"INHERIT","layoutGrow":0,"strokeWeight":1,"strokeAlign":"INSIDE","blendMode":"PASS_THROUGH","clipsContent":false,"constraints":{"vertical":"TOP","horizontal":"LEFT"},"absoluteBoundingBox":{"x":1049.5,"y":-4785,"width":444,"height":22},"children":[{"id":"4384:22313","name":"Steps Title","type":"TEXT","characters":"3 Easy Steps to Claim Submission","style":{"fontFamily":"Lato","fontSize":32,"textAlignHorizontal":"CENTER","letterSpacing":-0.03999999910593033,"fontWeight":700}}]},{"id":"4585:28841","name":"Progress Stepper","type":"INSTANCE","layoutAlign":"INHERIT","layoutGrow":0,"absoluteBoundingBox":{"x":978.5,"y":-4723,"width":586,"height":85.19999694824219},"componentId":"4646:142932","componentProperties":{"Device":{"value":"Web","type":"VARIANT","boundVariables":{}},"Size":{"value":"Medium","type":"VARIANT","boundVariables":{}},"Direction":{"value":"Horizontal","type":"VARIANT","boundVariables":{}}},"children":[{"id":"I4585:28841;11179:34309","name":"_Progress step","type":"INSTANCE","layoutAlign":"INHERIT","layoutGrow":1,"absoluteBoundingBox":{"x":978.5,"y":-4723,"width":195.3333282470703,"height":85.19999694824219},"componentId":"4585:27426","componentProperties":{"2nd Progress Line#2974:33":{"type":"BOOLEAN","value":true},"1st Progress Line#2974:22":{"type":"BOOLEAN","value":false},"Progress Step State":{"value":"Inactive","type":"VARIANT","boundVariables":{}},"Direction":{"value":"Horizontal","type":"VARIANT","boundVariables":{}},"Size":{"value":"Small","type":"VARIANT","boundVariables":{}},"State":{"value":"Default","type":"VARIANT","boundVariables":{}}},"children":[{"id":"I4585:28841;11179:34309;11179:34127","name":"Stepper","type":"FRAME","layoutMode":"HORIZONTAL","layoutSizingHorizontal":"FILL","layoutSizingVertical":"HUG","layoutWrap":"NO_WRAP","primaryAxisSizingMode":"FIXED","counterAxisAlignItems":"CENTER","layoutAlign":"STRETCH","layoutGrow":0,"strokeWeight":1,"strokeAlign":"INSIDE","blendMode":"PASS_THROUGH","clipsContent":false,"constraints":{"vertical":"TOP","horizontal":"LEFT"},"absoluteBoundingBox":{"x":978.5,"y":-4715,"width":195.3333282470703,"height":31.200000762939453},"children":[{"id":"I4585:28841;11179:34309;11179:34128","name":"Left Line Frame","type":"FRAME","layoutMode":"VERTICAL","layoutSizingHorizontal":"FILL","layoutSizingVertical":"HUG","layoutWrap":"NO_WRAP","counterAxisSizingMode":"FIXED","itemSpacing":10,"layoutAlign":"INHERIT","layoutGrow":1,"strokeWeight":1,"strokeAlign":"INSIDE","blendMode":"PASS_THROUGH","clipsContent":false,"constraints":{"vertical":"TOP","horizontal":"LEFT"},"absoluteBoundingBox":{"x":978.5,"y":-4700.89990234375,"width":84.66666412353516,"height":3},"children":[]},{"id":"I4585:28841;11179:34309;11179:34130","name":"Frame 1171276909","type":"FRAME","layoutMode":"VERTICAL","layoutSizingHorizontal":"HUG","layoutSizingVertical":"HUG","layoutWrap":"NO_WRAP","primaryAxisAlignItems":"CENTER","counterAxisAlignItems":"MAX","itemSpacing":10,"layoutAlign":"INHERIT","layoutGrow":0,"strokeWeight":1,"strokeAlign":"INSIDE","blendMode":"PASS_THROUGH","clipsContent":false,"constraints":{"vertical":"TOP","horizontal":"LEFT"},"absoluteBoundingBox":{"x":1063.1666259765625,"y":-4715,"width":26,"height":31.200000762939453},"children":[{"id":"I4585:28841;11179:34309;11179:34131","name":"_Nodes","type":"INSTANCE","layoutAlign":"INHERIT","layoutGrow":0,"absoluteBoundingBox":{"x":1063.1666259765625,"y":-4715,"width":26,"height":31.200000762939453},"componentId":"4585:27368","componentProperties":{"Size":{"value":"Medium","type":"VARIANT","boundVariables":{}},"Property 1":{"value":"Inactive","type":"VARIANT","boundVariables":{}}},"children":[{"id":"I4585:28841;11179:34309;11179:34131;11179:34071","name":"Node ","type":"FRAME","layoutMode":"HORIZONTAL","layoutSizingHorizontal":"HUG","layoutSizingVertical":"HUG","layoutWrap":"NO_WRAP","primaryAxisAlignItems":"CENTER","counterAxisAlignItems":"CENTER","itemSpacing":8,"layoutAlign":"INHERIT","layoutGrow":0,"strokeWeight":1.3000000715255737,"strokeAlign":"INSIDE","blendMode":"PASS_THROUGH","clipsContent":false,"layoutPositioning":"ABSOLUTE","constraints":{"vertical":"CENTER","horizontal":"CENTER"},"absoluteBoundingBox":{"x":1063.1666259765625,"y":-4711.5,"width":26,"height":26},"children":[{"id":"I4585:28841;11179:34309;11179:34131;11179:34072","name":"radio","type":"FRAME","layoutMode":"HORIZONTAL","layoutSizingHorizontal":"HUG","layoutSizingVertical":"HUG","layoutWrap":"NO_WRAP","primaryAxisAlignItems":"CENTER","counterAxisAlignItems":"CENTER","itemSpacing":10.40000057220459,"layoutAlign":"INHERIT","layoutGrow":0,"strokeWeight":1.3000000715255737,"strokeAlign":"INSIDE","blendMode":"PASS_THROUGH","clipsContent":false,"constraints":{"vertical":"TOP","horizontal":"LEFT"},"absoluteBoundingBox":{"x":1063.1666259765625,"y":-4711.5,"width":26,"height":26},"children":[{"id":"I4585:28841;11179:34309;11179:34131;11179:34073","name":"Frame 1171276914","type":"FRAME","layoutMode":"HORIZONTAL","layoutSizingHorizontal":"HUG","layoutSizingVertical":"HUG","layoutWrap":"NO_WRAP","primaryAxisAlignItems":"CENTER","counterAxisAlignItems":"CENTER","itemSpacing":10,"layoutAlign":"INHERIT","layoutGrow":0,"strokeWeight":1,"strokeAlign":"INSIDE","blendMode":"PASS_THROUGH","clipsContent":false,"constraints":{"vertical":"TOP","horizontal":"LEFT"},"absoluteBoundingBox":{"x":1063.1666259765625,"y":-4711.5,"width":26,"height":26},"children":[]}]}]},{"id":"I4585:28841;11179:34309;11179:34131;11179:34076","name":"1","type":"TEXT","characters":"1","style":{"fontFamily":"Noto Sans","fontSize":13,"textAlignHorizontal":"CENTER","letterSpacing":0,"fontWeight":700}}]}]},{"id":"I4585:28841;11179:34309;11179:34132","name":"Right Line Frame","type":"FRAME","layoutMode":"VERTICAL","layoutSizingHorizontal":"FILL","layoutSizingVertical":"HUG","layoutWrap":"NO_WRAP","counterAxisSizingMode":"FIXED","itemSpacing":10,"layoutAlign":"INHERIT","layoutGrow":1,"strokeWeight":1,"strokeAlign":"INSIDE","blendMode":"PASS_THROUGH","clipsContent":false,"constraints":{"vertical":"TOP","horizontal":"LEFT"},"absoluteBoundingBox":{"x":1089.1666259765625,"y":-4700.89990234375,"width":84.66666412353516,"height":3},"children":[{"id":"I4585:28841;11179:34309;11179:34133","name":"Right Line","type":"FRAME","layoutMode":"HORIZONTAL","layoutSizingHorizontal":"FILL","layoutSizingVertical":"HUG","layoutWrap":"NO_WRAP","primaryAxisSizingMode":"FIXED","primaryAxisAlignItems":"CENTER","counterAxisAlignItems":"CENTER","itemSpacing":10,"layoutAlign":"STRETCH","layoutGrow":0,"strokeWeight":1,"strokeAlign":"INSIDE","blendMode":"PASS_THROUGH","clipsContent":true,"constraints":{"vertical":"TOP","horizontal":"LEFT"},"absoluteBoundingBox":{"x":1089.1666259765625,"y":-4700.89990234375,"width":84.66666412353516,"height":3},"padding":10,"children":[]}]}]},{"id":"I4585:28841;11179:34309;11179:34134","name":"_Label Text","type":"INSTANCE","layoutAlign":"STRETCH","layoutGrow":0,"absoluteBoundingBox":{"x":978.5,"y":-4679.7998046875,"width":195.3333282470703,"height":60},"componentId":"4585:27346","componentProperties":{"⤷ Text#4596:100":{"type":"TEXT","value":"Description Text"},"Show Label#4596:104":{"type":"BOOLEAN","value":true},"⤷ Label#4596:108":{"type":"TEXT","value":"Verify Yourself"},"Show Description#4596:96":{"type":"BOOLEAN","value":true},"Badge#2975:44":{"type":"BOOLEAN","value":false},"Size":{"value":"Medium","type":"VARIANT","boundVariables":{}}},"children":[{"id":"I4585:28841;11179:34309;11179:34134;11179:34045","name":"Text Content","type":"FRAME","layoutMode":"VERTICAL","layoutSizingHorizontal":"FILL","layoutSizingVertical":"HUG","layoutWrap":"NO_WRAP","counterAxisSizingMode":"FIXED","itemSpacing":2,"layoutAlign":"STRETCH","layoutGrow":0,"strokeWeight":1,"strokeAlign":"INSIDE","blendMode":"PASS_THROUGH","clipsContent":false,"constraints":{"vertical":"TOP","horizontal":"LEFT"},"absoluteBoundingBox":{"x":978.5,"y":-4679.7998046875,"width":195.3333282470703,"height":60},"children":[{"id":"I4585:28841;11179:34309;11179:34134;11179:34046","name":"Label","type":"TEXT","characters":"Verify Yourself","style":{"fontFamily":"Noto Sans","fontSize":16,"textAlignHorizontal":"CENTER","letterSpacing":0,"fontWeight":600}},{"id":"I4585:28841;11179:34309;11179:34134;11179:34047","name":"Supportive Text","type":"TEXT","characters":"Policy checkand eKYC","style":{"fontFamily":"Noto Sans","fontSize":13,"textAlignHorizontal":"CENTER","letterSpacing":0,"fontWeight":400}}]}]}]},{"id":"I4585:28841;11179:34310","name":"_Progress step","type":"INSTANCE","layoutAlign":"INHERIT","layoutGrow":1,"absoluteBoundingBox":{"x":1173.8333740234375,"y":-4723,"width":195.33334350585938,"height":85.19999694824219},"componentId":"4646:142584","componentProperties":{"2nd Progress Line#2974:33":{"type":"BOOLEAN","value":true},"1st Progress Line#2974:22":{"type":"BOOLEAN","value":true},"Progress Step State":{"value":"Inactive","type":"VARIANT","boundVariables":{}},"Direction":{"value":"Horizontal","type":"VARIANT","boundVariables":{}},"Size":{"value":"Small","type":"VARIANT","boundVariables":{}},"State":{"value":"Default","type":"VARIANT","boundVariables":{}}},"children":[{"id":"I4585:28841;11179:34310;11179:34127","name":"Stepper","type":"FRAME","layoutMode":"HORIZONTAL","layoutSizingHorizontal":"FILL","layoutSizingVertical":"HUG","layoutWrap":"NO_WRAP","primaryAxisSizingMode":"FIXED","counterAxisAlignItems":"CENTER","layoutAlign":"STRETCH","layoutGrow":0,"strokeWeight":1,"strokeAlign":"INSIDE","blendMode":"PASS_THROUGH","clipsContent":false,"constraints":{"vertical":"TOP","horizontal":"LEFT"},"absoluteBoundingBox":{"x":1173.8333740234375,"y":-4715,"width":195.33334350585938,"height":31.200000762939453},"children":[{"id":"I4585:28841;11179:34310;11179:34128","name":"Left Line Frame","type":"FRAME","layoutMode":"VERTICAL","layoutSizingHorizontal":"FILL","layoutSizingVertical":"HUG","layoutWrap":"NO_WRAP","counterAxisSizingMode":"FIXED","itemSpacing":10,"layoutAlign":"INHERIT","layoutGrow":1,"strokeWeight":1,"strokeAlign":"INSIDE","blendMode":"PASS_THROUGH","clipsContent":false,"constraints":{"vertical":"TOP","horizontal":"LEFT"},"absoluteBoundingBox":{"x":1173.8333740234375,"y":-4700.89990234375,"width":84.66667175292969,"height":3},"children":[{"id":"I4585:28841;11179:34310;11179:34129","name":"Left Line","type":"FRAME","layoutMode":"HORIZONTAL","layoutSizingHorizontal":"FILL","layoutSizingVertical":"HUG","layoutWrap":"NO_WRAP","primaryAxisSizingMode":"FIXED","itemSpacing":10,"layoutAlign":"STRETCH","layoutGrow":0,"strokeWeight":1,"strokeAlign":"INSIDE","blendMode":"PASS_THROUGH","clipsContent":true,"constraints":{"vertical":"TOP","horizontal":"LEFT"},"absoluteBoundingBox":{"x":1173.8333740234375,"y":-4700.89990234375,"width":84.66667175292969,"height":3},"padding":10,"children":[]}]},{"id":"I4585:28841;11179:34310;11179:34130","name":"Frame 1171276909","type":"FRAME","layoutMode":"VERTICAL","layoutSizingHorizontal":"HUG","layoutSizingVertical":"HUG","layoutWrap":"NO_WRAP","primaryAxisAlignItems":"CENTER","counterAxisAlignItems":"MAX","itemSpacing":10,"layoutAlign":"INHERIT","layoutGrow":0,"strokeWeight":1,"strokeAlign":"INSIDE","blendMode":"PASS_THROUGH","clipsContent":false,"constraints":{"vertical":"TOP","horizontal":"LEFT"},"absoluteBoundingBox":{"x":1258.5,"y":-4715,"width":26,"height":31.200000762939453},"children":[{"id":"I4585:28841;11179:34310;11179:34131","name":"_Nodes","type":"INSTANCE","layoutAlign":"INHERIT","layoutGrow":0,"absoluteBoundingBox":{"x":1258.5,"y":-4715,"width":26,"height":31.200000762939453},"componentId":"4646:142526","componentProperties":{"Size":{"value":"Medium","type":"VARIANT","boundVariables":{}},"Property 1":{"value":"Inactive","type":"VARIANT","boundVariables":{}}},"children":[{"id":"I4585:28841;11179:34310;11179:34131;11179:34071","name":"Node ","type":"FRAME","layoutMode":"HORIZONTAL","layoutSizingHorizontal":"HUG","layoutSizingVertical":"HUG","layoutWrap":"NO_WRAP","primaryAxisAlignItems":"CENTER","counterAxisAlignItems":"CENTER","itemSpacing":8,"layoutAlign":"INHERIT","layoutGrow":0,"strokeWeight":1.3000000715255737,"strokeAlign":"INSIDE","blendMode":"PASS_THROUGH","clipsContent":false,"layoutPositioning":"ABSOLUTE","constraints":{"vertical":"CENTER","horizontal":"CENTER"},"absoluteBoundingBox":{"x":1258.5,"y":-4711.5,"width":26,"height":26},"children":[{"id":"I4585:28841;11179:34310;11179:34131;11179:34072","name":"radio","type":"FRAME","layoutMode":"HORIZONTAL","layoutSizingHorizontal":"HUG","layoutSizingVertical":"HUG","layoutWrap":"NO_WRAP","primaryAxisAlignItems":"CENTER","counterAxisAlignItems":"CENTER","itemSpacing":10.40000057220459,"layoutAlign":"INHERIT","layoutGrow":0,"strokeWeight":1.3000000715255737,"strokeAlign":"INSIDE","blendMode":"PASS_THROUGH","clipsContent":false,"constraints":{"vertical":"TOP","horizontal":"LEFT"},"absoluteBoundingBox":{"x":1258.5,"y":-4711.5,"width":26,"height":26},"children":[{"id":"I4585:28841;11179:34310;11179:34131;11179:34073","name":"Frame 1171276914","type":"FRAME","layoutMode":"HORIZONTAL","layoutSizingHorizontal":"HUG","layoutSizingVertical":"HUG","layoutWrap":"NO_WRAP","primaryAxisAlignItems":"CENTER","counterAxisAlignItems":"CENTER","itemSpacing":10,"layoutAlign":"INHERIT","layoutGrow":0,"strokeWeight":1,"strokeAlign":"INSIDE","blendMode":"PASS_THROUGH","clipsContent":false,"constraints":{"vertical":"TOP","horizontal":"LEFT"},"absoluteBoundingBox":{"x":1258.5,"y":-4711.5,"width":26,"height":26},"children":[]}]}]},{"id":"I4585:28841;11179:34310;11179:34131;11179:34076","name":"1","type":"TEXT","characters":"2","style":{"fontFamily":"Noto Sans","fontSize":13,"textAlignHorizontal":"CENTER","letterSpacing":0,"fontWeight":700}}]}]},{"id":"I4585:28841;11179:34310;11179:34132","name":"Right Line Frame","type":"FRAME","layoutMode":"VERTICAL","layoutSizingHorizontal":"FILL","layoutSizingVertical":"HUG","layoutWrap":"NO_WRAP","counterAxisSizingMode":"FIXED","itemSpacing":10,"layoutAlign":"INHERIT","layoutGrow":1,"strokeWeight":1,"strokeAlign":"INSIDE","blendMode":"PASS_THROUGH","clipsContent":false,"constraints":{"vertical":"TOP","horizontal":"LEFT"},"absoluteBoundingBox":{"x":1284.5,"y":-4700.89990234375,"width":84.66667175292969,"height":3},"children":[{"id":"I4585:28841;11179:34310;11179:34133","name":"Right Line","type":"FRAME","layoutMode":"HORIZONTAL","layoutSizingHorizontal":"FILL","layoutSizingVertical":"HUG","layoutWrap":"NO_WRAP","primaryAxisSizingMode":"FIXED","primaryAxisAlignItems":"CENTER","counterAxisAlignItems":"CENTER","itemSpacing":10,"layoutAlign":"STRETCH","layoutGrow":0,"strokeWeight":1,"strokeAlign":"INSIDE","blendMode":"PASS_THROUGH","clipsContent":true,"constraints":{"vertical":"TOP","horizontal":"LEFT"},"absoluteBoundingBox":{"x":1284.5,"y":-4700.89990234375,"width":84.66667175292969,"height":3},"padding":10,"children":[]}]}]},{"id":"I4585:28841;11179:34310;11179:34134","name":"_Label Text","type":"INSTANCE","layoutAlign":"STRETCH","layoutGrow":0,"absoluteBoundingBox":{"x":1173.8333740234375,"y":-4679.7998046875,"width":195.33334350585938,"height":63},"componentId":"4646:142506","componentProperties":{"⤷ Text#4596:100":{"type":"TEXT","value":"Description Text"},"Show Label#4596:104":{"type":"BOOLEAN","value":true},"⤷ Label#4596:108":{"type":"TEXT","value":"Incident Details"},"Show Description#4596:96":{"type":"BOOLEAN","value":true},"Badge#2975:44":{"type":"BOOLEAN","value":false},"Size":{"value":"Medium","type":"VARIANT","boundVariables":{}}},"children":[{"id":"I4585:28841;11179:34310;11179:34134;11179:34045","name":"Text Content","type":"FRAME","layoutMode":"VERTICAL","layoutSizingHorizontal":"FILL","layoutSizingVertical":"HUG","layoutWrap":"NO_WRAP","counterAxisSizingMode":"FIXED","itemSpacing":2,"layoutAlign":"STRETCH","layoutGrow":0,"strokeWeight":1,"strokeAlign":"INSIDE","blendMode":"PASS_THROUGH","clipsContent":false,"constraints":{"vertical":"TOP","horizontal":"LEFT"},"absoluteBoundingBox":{"x":1173.8333740234375,"y":-4679.7998046875,"width":195.33334350585938,"height":63},"children":[{"id":"I4585:28841;11179:34310;11179:34134;11179:34046","name":"Label","type":"TEXT","characters":"Incident Details","style":{"fontFamily":"Noto Sans","fontSize":18,"textAlignHorizontal":"CENTER","letterSpacing":0,"fontWeight":600}},{"id":"I4585:28841;11179:34310;11179:34134;11179:34047","name":"Supportive Text","type":"TEXT","characters":"Event details anddocument upload","style":{"fontFamily":"Noto Sans","fontSize":13,"textAlignHorizontal":"CENTER","letterSpacing":0,"fontWeight":400}}]}]}]},{"id":"I4585:28841;11179:34311","name":"_Progress step","type":"INSTANCE","layoutAlign":"INHERIT","layoutGrow":1,"absoluteBoundingBox":{"x":1369.166748046875,"y":-4723,"width":195.33334350585938,"height":85.19999694824219},"componentId":"4646:142584","componentProperties":{"2nd Progress Line#2974:33":{"type":"BOOLEAN","value":false},"1st Progress Line#2974:22":{"type":"BOOLEAN","value":true},"Progress Step State":{"value":"Inactive","type":"VARIANT","boundVariables":{}},"Direction":{"value":"Horizontal","type":"VARIANT","boundVariables":{}},"Size":{"value":"Small","type":"VARIANT","boundVariables":{}},"State":{"value":"Default","type":"VARIANT","boundVariables":{}}},"children":[{"id":"I4585:28841;11179:34311;11179:34127","name":"Stepper","type":"FRAME","layoutMode":"HORIZONTAL","layoutSizingHorizontal":"FILL","layoutSizingVertical":"HUG","layoutWrap":"NO_WRAP","primaryAxisSizingMode":"FIXED","counterAxisAlignItems":"CENTER","layoutAlign":"STRETCH","layoutGrow":0,"strokeWeight":1,"strokeAlign":"INSIDE","blendMode":"PASS_THROUGH","clipsContent":false,"constraints":{"vertical":"TOP","horizontal":"LEFT"},"absoluteBoundingBox":{"x":1369.166748046875,"y":-4715,"width":195.33334350585938,"height":31.200000762939453},"children":[{"id":"I4585:28841;11179:34311;11179:34128","name":"Left Line Frame","type":"FRAME","layoutMode":"VERTICAL","layoutSizingHorizontal":"FILL","layoutSizingVertical":"HUG","layoutWrap":"NO_WRAP","counterAxisSizingMode":"FIXED","itemSpacing":10,"layoutAlign":"INHERIT","layoutGrow":1,"strokeWeight":1,"strokeAlign":"INSIDE","blendMode":"PASS_THROUGH","clipsContent":false,"constraints":{"vertical":"TOP","horizontal":"LEFT"},"absoluteBoundingBox":{"x":1369.166748046875,"y":-4700.89990234375,"width":84.66667175292969,"height":3},"children":[{"id":"I4585:28841;11179:34311;11179:34129","name":"Left Line","type":"FRAME","layoutMode":"HORIZONTAL","layoutSizingHorizontal":"FILL","layoutSizingVertical":"HUG","layoutWrap":"NO_WRAP","primaryAxisSizingMode":"FIXED","itemSpacing":10,"layoutAlign":"STRETCH","layoutGrow":0,"strokeWeight":1,"strokeAlign":"INSIDE","blendMode":"PASS_THROUGH","clipsContent":true,"constraints":{"vertical":"TOP","horizontal":"LEFT"},"absoluteBoundingBox":{"x":1369.166748046875,"y":-4700.89990234375,"width":84.66667175292969,"height":3},"padding":10,"children":[]}]},{"id":"I4585:28841;11179:34311;11179:34130","name":"Frame 1171276909","type":"FRAME","layoutMode":"VERTICAL","layoutSizingHorizontal":"HUG","layoutSizingVertical":"HUG","layoutWrap":"NO_WRAP","primaryAxisAlignItems":"CENTER","counterAxisAlignItems":"MAX","itemSpacing":10,"layoutAlign":"INHERIT","layoutGrow":0,"strokeWeight":1,"strokeAlign":"INSIDE","blendMode":"PASS_THROUGH","clipsContent":false,"constraints":{"vertical":"TOP","horizontal":"LEFT"},"absoluteBoundingBox":{"x":1453.8333740234375,"y":-4715,"width":26,"height":31.200000762939453},"children":[{"id":"I4585:28841;11179:34311;11179:34131","name":"_Nodes","type":"INSTANCE","layoutAlign":"INHERIT","layoutGrow":0,"absoluteBoundingBox":{"x":1453.8333740234375,"y":-4715,"width":26,"height":31.200000762939453},"componentId":"4646:142526","componentProperties":{"Size":{"value":"Medium","type":"VARIANT","boundVariables":{}},"Property 1":{"value":"Inactive","type":"VARIANT","boundVariables":{}}},"children":[{"id":"I4585:28841;11179:34311;11179:34131;11179:34071","name":"Node ","type":"FRAME","layoutMode":"HORIZONTAL","layoutSizingHorizontal":"HUG","layoutSizingVertical":"HUG","layoutWrap":"NO_WRAP","primaryAxisAlignItems":"CENTER","counterAxisAlignItems":"CENTER","itemSpacing":8,"layoutAlign":"INHERIT","layoutGrow":0,"strokeWeight":1.3000000715255737,"strokeAlign":"INSIDE","blendMode":"PASS_THROUGH","clipsContent":false,"layoutPositioning":"ABSOLUTE","constraints":{"vertical":"CENTER","horizontal":"CENTER"},"absoluteBoundingBox":{"x":1453.8333740234375,"y":-4711.5,"width":26,"height":26},"children":[{"id":"I4585:28841;11179:34311;11179:34131;11179:34072","name":"radio","type":"FRAME","layoutMode":"HORIZONTAL","layoutSizingHorizontal":"HUG","layoutSizingVertical":"HUG","layoutWrap":"NO_WRAP","primaryAxisAlignItems":"CENTER","counterAxisAlignItems":"CENTER","itemSpacing":10.40000057220459,"layoutAlign":"INHERIT","layoutGrow":0,"strokeWeight":1.3000000715255737,"strokeAlign":"INSIDE","blendMode":"PASS_THROUGH","clipsContent":false,"constraints":{"vertical":"TOP","horizontal":"LEFT"},"absoluteBoundingBox":{"x":1453.8333740234375,"y":-4711.5,"width":26,"height":26},"children":[{"id":"I4585:28841;11179:34311;11179:34131;11179:34073","name":"Frame 1171276914","type":"FRAME","layoutMode":"HORIZONTAL","layoutSizingHorizontal":"HUG","layoutSizingVertical":"HUG","layoutWrap":"NO_WRAP","primaryAxisAlignItems":"CENTER","counterAxisAlignItems":"CENTER","itemSpacing":10,"layoutAlign":"INHERIT","layoutGrow":0,"strokeWeight":1,"strokeAlign":"INSIDE","blendMode":"PASS_THROUGH","clipsContent":false,"constraints":{"vertical":"TOP","horizontal":"LEFT"},"absoluteBoundingBox":{"x":1453.8333740234375,"y":-4711.5,"width":26,"height":26},"children":[]}]}]},{"id":"I4585:28841;11179:34311;11179:34131;11179:34076","name":"1","type":"TEXT","characters":"3","style":{"fontFamily":"Noto Sans","fontSize":13,"textAlignHorizontal":"CENTER","letterSpacing":0,"fontWeight":700}}]}]},{"id":"I4585:28841;11179:34311;11179:34132","name":"Right Line Frame","type":"FRAME","layoutMode":"VERTICAL","layoutSizingHorizontal":"FILL","layoutSizingVertical":"HUG","layoutWrap":"NO_WRAP","counterAxisSizingMode":"FIXED","itemSpacing":10,"layoutAlign":"INHERIT","layoutGrow":1,"strokeWeight":1,"strokeAlign":"INSIDE","blendMode":"PASS_THROUGH","clipsContent":false,"constraints":{"vertical":"TOP","horizontal":"LEFT"},"absoluteBoundingBox":{"x":1479.8333740234375,"y":-4700.89990234375,"width":84.66667175292969,"height":3},"children":[]}]},{"id":"I4585:28841;11179:34311;11179:34134","name":"_Label Text","type":"INSTANCE","layoutAlign":"STRETCH","layoutGrow":0,"absoluteBoundingBox":{"x":1369.166748046875,"y":-4679.7998046875,"width":195.33334350585938,"height":63},"componentId":"4646:142506","componentProperties":{"⤷ Text#4596:100":{"type":"TEXT","value":"Description Text"},"Show Label#4596:104":{"type":"BOOLEAN","value":true},"⤷ Label#4596:108":{"type":"TEXT","value":"Add Bank"},"Show Description#4596:96":{"type":"BOOLEAN","value":true},"Badge#2975:44":{"type":"BOOLEAN","value":false},"Size":{"value":"Medium","type":"VARIANT","boundVariables":{}}},"children":[{"id":"I4585:28841;11179:34311;11179:34134;11179:34045","name":"Text Content","type":"FRAME","layoutMode":"VERTICAL","layoutSizingHorizontal":"FILL","layoutSizingVertical":"HUG","layoutWrap":"NO_WRAP","counterAxisSizingMode":"FIXED","itemSpacing":2,"layoutAlign":"STRETCH","layoutGrow":0,"strokeWeight":1,"strokeAlign":"INSIDE","blendMode":"PASS_THROUGH","clipsContent":false,"constraints":{"vertical":"TOP","horizontal":"LEFT"},"absoluteBoundingBox":{"x":1369.166748046875,"y":-4679.7998046875,"width":195.33334350585938,"height":63},"children":[{"id":"I4585:28841;11179:34311;11179:34134;11179:34046","name":"Label","type":"TEXT","characters":"Add Bank","style":{"fontFamily":"Noto Sans","fontSize":18,"textAlignHorizontal":"CENTER","letterSpacing":0,"fontWeight":600}},{"id":"I4585:28841;11179:34311;11179:34134;11179:34047","name":"Supportive Text","type":"TEXT","characters":"Bank accountinformation","style":{"fontFamily":"Noto Sans","fontSize":13,"textAlignHorizontal":"CENTER","letterSpacing":0,"fontWeight":400}}]}]}]}]}]},{"id":"4384:22353","name":"Documents Container","type":"FRAME","layoutMode":"VERTICAL","layoutSizingHorizontal":"FILL","layoutSizingVertical":"FIXED","layoutWrap":"NO_WRAP","primaryAxisSizingMode":"FIXED","counterAxisSizingMode":"FIXED","itemSpacing":8,"layoutAlign":"STRETCH","layoutGrow":0,"strokeWeight":1,"strokeAlign":"INSIDE","cornerRadius":12,"blendMode":"PASS_THROUGH","clipsContent":false,"constraints":{"vertical":"TOP","horizontal":"LEFT"},"absoluteBoundingBox":{"x":982,"y":-4548.7998046875,"width":579,"height":384},"padding":"20 undefined","effects":["box-shadow: 0px 4px 12px 0px rgba(114, 120, 129, 0.20000000298023224)"],"children":[{"id":"4384:22354","name":"Documents Section","type":"FRAME","layoutMode":"VERTICAL","layoutSizingHorizontal":"FILL","layoutSizingVertical":"HUG","layoutWrap":"NO_WRAP","counterAxisSizingMode":"FIXED","primaryAxisAlignItems":"CENTER","itemSpacing":40,"layoutAlign":"STRETCH","layoutGrow":0,"strokeWeight":1.5,"strokeAlign":"OUTSIDE","cornerRadius":8,"blendMode":"PASS_THROUGH","clipsContent":false,"constraints":{"vertical":"TOP","horizontal":"LEFT"},"absoluteBoundingBox":{"x":982,"y":-4528.7998046875,"width":579,"height":356},"padding":"16 40","children":[{"id":"4384:22355","name":"Documents Header","type":"FRAME","layoutMode":"HORIZONTAL","layoutSizingHorizontal":"HUG","layoutSizingVertical":"HUG","layoutWrap":"NO_WRAP","itemSpacing":24,"layoutAlign":"INHERIT","layoutGrow":0,"strokeWeight":1,"strokeAlign":"INSIDE","blendMode":"PASS_THROUGH","clipsContent":false,"constraints":{"vertical":"TOP","horizontal":"LEFT"},"absoluteBoundingBox":{"x":1022,"y":-4512.7998046875,"width":499,"height":60},"children":[{"id":"4384:22356","name":"Documents Details","type":"FRAME","layoutMode":"VERTICAL","layoutSizingHorizontal":"FIXED","layoutSizingVertical":"HUG","layoutWrap":"NO_WRAP","counterAxisSizingMode":"FIXED","primaryAxisAlignItems":"CENTER","itemSpacing":8,"layoutAlign":"INHERIT","layoutGrow":0,"strokeWeight":1,"strokeAlign":"INSIDE","blendMode":"PASS_THROUGH","clipsContent":false,"constraints":{"vertical":"TOP","horizontal":"LEFT"},"absoluteBoundingBox":{"x":1022,"y":-4512.7998046875,"width":499,"height":60},"children":[{"id":"4384:22357","name":"Documents Title Container","type":"FRAME","layoutMode":"VERTICAL","layoutSizingHorizontal":"FILL","layoutSizingVertical":"HUG","layoutWrap":"NO_WRAP","counterAxisSizingMode":"FIXED","itemSpacing":2,"layoutAlign":"STRETCH","layoutGrow":0,"strokeWeight":1,"strokeAlign":"INSIDE","blendMode":"PASS_THROUGH","clipsContent":false,"constraints":{"vertical":"TOP","horizontal":"LEFT"},"absoluteBoundingBox":{"x":1022,"y":-4512.7998046875,"width":499,"height":30},"children":[{"id":"4384:22358","name":"Documents Title Content","type":"FRAME","layoutMode":"HORIZONTAL","layoutSizingHorizontal":"FILL","layoutSizingVertical":"HUG","layoutWrap":"NO_WRAP","primaryAxisSizingMode":"FIXED","counterAxisAlignItems":"CENTER","itemSpacing":2,"layoutAlign":"STRETCH","layoutGrow":0,"strokeWeight":1,"strokeAlign":"INSIDE","blendMode":"PASS_THROUGH","clipsContent":false,"constraints":{"vertical":"TOP","horizontal":"LEFT"},"absoluteBoundingBox":{"x":1022,"y":-4512.7998046875,"width":499,"height":30},"children":[{"id":"4384:22359","name":"Documents Title","type":"TEXT","characters":"Before you begin","style":{"fontFamily":"Lato","fontSize":25,"textAlignHorizontal":"LEFT","letterSpacing":-0.03999999910593033,"fontWeight":700}}]}]},{"id":"4384:22360","name":"Documents Description Container","type":"FRAME","layoutMode":"VERTICAL","layoutSizingHorizontal":"FILL","layoutSizingVertical":"HUG","layoutWrap":"NO_WRAP","counterAxisSizingMode":"FIXED","itemSpacing":2,"layoutAlign":"STRETCH","layoutGrow":0,"strokeWeight":1,"strokeAlign":"INSIDE","blendMode":"PASS_THROUGH","clipsContent":false,"constraints":{"vertical":"TOP","horizontal":"LEFT"},"absoluteBoundingBox":{"x":1022,"y":-4474.7998046875,"width":499,"height":22},"children":[{"id":"4384:22361","name":"Documents Description","type":"TEXT","characters":"You only need a few details to get started:","style":{"fontFamily":"Noto Sans","fontSize":16,"textAlignHorizontal":"LEFT","letterSpacing":0,"fontWeight":400}}]}]}]},{"id":"4384:22362","name":"Required Documents","type":"FRAME","layoutMode":"VERTICAL","layoutSizingHorizontal":"FILL","layoutSizingVertical":"FIXED","layoutWrap":"NO_WRAP","primaryAxisSizingMode":"FIXED","counterAxisSizingMode":"FIXED","itemSpacing":24,"layoutAlign":"STRETCH","layoutGrow":0,"strokeWeight":1,"strokeAlign":"INSIDE","blendMode":"PASS_THROUGH","clipsContent":false,"constraints":{"vertical":"TOP","horizontal":"LEFT"},"absoluteBoundingBox":{"x":1022,"y":-4412.7998046875,"width":499,"height":224},"children":[{"id":"4384:22363","name":"Required doc - 2","type":"FRAME","layoutMode":"HORIZONTAL","layoutSizingHorizontal":"FIXED","layoutSizingVertical":"HUG","layoutWrap":"NO_WRAP","primaryAxisSizingMode":"FIXED","counterAxisAlignItems":"CENTER","itemSpacing":16,"layoutAlign":"INHERIT","layoutGrow":0,"strokeWeight":1,"strokeAlign":"INSIDE","blendMode":"PASS_THROUGH","clipsContent":false,"constraints":{"vertical":"TOP","horizontal":"LEFT"},"absoluteBoundingBox":{"x":1022,"y":-4412.7998046875,"width":152,"height":40},"children":[{"id":"4384:22364","name":"Photo","type":"FRAME","layoutMode":"HORIZONTAL","layoutSizingHorizontal":"HUG","layoutSizingVertical":"HUG","layoutWrap":"NO_WRAP","counterAxisAlignItems":"CENTER","itemSpacing":10,"layoutAlign":"INHERIT","layoutGrow":0,"strokeWeight":1,"strokeAlign":"INSIDE","cornerRadius":999,"blendMode":"PASS_THROUGH","clipsContent":false,"constraints":{"vertical":"TOP","horizontal":"LEFT"},"absoluteBoundingBox":{"x":1022,"y":-4412.7998046875,"width":42,"height":40},"padding":"12 13","children":[{"id":"4384:22365","name":"Death Certificate Icon","type":"INSTANCE","layoutAlign":"INHERIT","layoutGrow":0,"absoluteBoundingBox":{"x":1035,"y":-4400.7998046875,"width":16,"height":16},"componentId":"1526:24979","children":[]}]},{"id":"4384:22366","name":"Death Certificate Text","type":"TEXT","characters":"Death Certificate","style":{"fontFamily":"Noto Sans","fontSize":13,"textAlignHorizontal":"LEFT","letterSpacing":0,"fontWeight":400}}]},{"id":"4384:22367","name":"Required doc - 3","type":"FRAME","layoutMode":"HORIZONTAL","layoutSizingHorizontal":"FILL","layoutSizingVertical":"HUG","layoutWrap":"NO_WRAP","primaryAxisSizingMode":"FIXED","counterAxisAlignItems":"CENTER","itemSpacing":16,"layoutAlign":"STRETCH","layoutGrow":0,"strokeWeight":1,"strokeAlign":"INSIDE","blendMode":"PASS_THROUGH","clipsContent":false,"constraints":{"vertical":"TOP","horizontal":"LEFT"},"absoluteBoundingBox":{"x":1022,"y":-4348.7998046875,"width":499,"height":40},"children":[{"id":"4384:22368","name":"Photo","type":"FRAME","layoutMode":"HORIZONTAL","layoutSizingHorizontal":"HUG","layoutSizingVertical":"HUG","layoutWrap":"NO_WRAP","counterAxisAlignItems":"CENTER","itemSpacing":10,"layoutAlign":"INHERIT","layoutGrow":0,"strokeWeight":1,"strokeAlign":"INSIDE","cornerRadius":999,"blendMode":"PASS_THROUGH","clipsContent":false,"constraints":{"vertical":"TOP","horizontal":"LEFT"},"absoluteBoundingBox":{"x":1022,"y":-4348.7998046875,"width":42,"height":40},"padding":"12 13","children":[{"id":"4384:22369","name":"Policy Pack Icon","type":"INSTANCE","layoutAlign":"INHERIT","layoutGrow":0,"absoluteBoundingBox":{"x":1035,"y":-4336.7998046875,"width":16,"height":16},"componentId":"1526:24981","children":[]}]},{"id":"4384:22370","name":"Policy Pack Text","type":"TEXT","characters":"Policy Pack andOther Documents","style":{"fontFamily":"Noto Sans","fontSize":13,"textAlignHorizontal":"LEFT","letterSpacing":0,"fontWeight":400}}]},{"id":"4384:22371","name":"Required doc - 4","type":"FRAME","layoutMode":"HORIZONTAL","layoutSizingHorizontal":"FILL","layoutSizingVertical":"HUG","layoutWrap":"NO_WRAP","primaryAxisSizingMode":"FIXED","counterAxisAlignItems":"CENTER","itemSpacing":16,"layoutAlign":"STRETCH","layoutGrow":0,"strokeWeight":1,"strokeAlign":"INSIDE","blendMode":"PASS_THROUGH","clipsContent":false,"constraints":{"vertical":"TOP","horizontal":"LEFT"},"absoluteBoundingBox":{"x":1022,"y":-4284.7998046875,"width":499,"height":40},"children":[{"id":"4384:22372","name":"Photo","type":"FRAME","layoutMode":"HORIZONTAL","layoutSizingHorizontal":"HUG","layoutSizingVertical":"HUG","layoutWrap":"NO_WRAP","counterAxisAlignItems":"CENTER","itemSpacing":10,"layoutAlign":"INHERIT","layoutGrow":0,"strokeWeight":1,"strokeAlign":"INSIDE","cornerRadius":999,"blendMode":"PASS_THROUGH","clipsContent":false,"constraints":{"vertical":"TOP","horizontal":"LEFT"},"absoluteBoundingBox":{"x":1022,"y":-4284.7998046875,"width":42,"height":40},"padding":"12 13","children":[{"id":"4384:22373","name":"EKYC Documents Icon","type":"INSTANCE","layoutAlign":"INHERIT","layoutGrow":0,"absoluteBoundingBox":{"x":1035,"y":-4272.7998046875,"width":16,"height":16},"componentId":"1526:24981","children":[]}]},{"id":"4384:22374","name":"EKYC Documents Text","type":"TEXT","characters":"EKYC Documents (Yours and Insurer's)","style":{"fontFamily":"Noto Sans","fontSize":13,"textAlignHorizontal":"LEFT","letterSpacing":0,"fontWeight":500}}]}]}]},{"id":"4396:22507","name":"Image Container","type":"FRAME","layoutSizingHorizontal":"FIXED","layoutSizingVertical":"FIXED","layoutAlign":"INHERIT","layoutGrow":0,"strokeWeight":1,"strokeAlign":"INSIDE","cornerRadius":16,"blendMode":"PASS_THROUGH","clipsContent":true,"layoutPositioning":"ABSOLUTE","constraints":{"vertical":"TOP","horizontal":"LEFT"},"absoluteBoundingBox":{"x":1220,"y":-4392.7998046875,"width":341,"height":228},"children":[]}]}]}]},{"id":"4592:29468","name":"Frame 1171277438","type":"FRAME","layoutMode":"HORIZONTAL","layoutSizingHorizontal":"FIXED","layoutSizingVertical":"HUG","layoutWrap":"NO_WRAP","primaryAxisSizingMode":"FIXED","itemSpacing":32,"strokeWeight":1,"strokeAlign":"INSIDE","blendMode":"PASS_THROUGH","clipsContent":false,"constraints":{"vertical":"TOP","horizontal":"CENTER"},"absoluteBoundingBox":{"x":982,"y":-4035,"width":1273,"height":230.35293579101562},"children":[{"id":"4592:29469","name":"container","type":"FRAME","layoutMode":"VERTICAL","layoutSizingHorizontal":"FILL","layoutSizingVertical":"HUG","layoutWrap":"NO_WRAP","counterAxisSizingMode":"FIXED","itemSpacing":16,"layoutAlign":"INHERIT","layoutGrow":1,"strokeWeight":1,"strokeAlign":"INSIDE","cornerRadius":16,"blendMode":"PASS_THROUGH","clipsContent":false,"constraints":{"vertical":"TOP","horizontal":"LEFT"},"absoluteBoundingBox":{"x":982,"y":-4035,"width":620.5,"height":156},"padding":16,"children":[{"id":"4592:29470","name":"Note Title","type":"TEXT","characters":"Please note:","style":{"fontFamily":"Noto Sans","fontSize":16,"textAlignHorizontal":"LEFT","letterSpacing":0,"fontWeight":500}},{"id":"4592:29471","name":"Points","type":"FRAME","layoutMode":"VERTICAL","layoutSizingHorizontal":"FILL","layoutSizingVertical":"HUG","layoutWrap":"NO_WRAP","counterAxisSizingMode":"FIXED","itemSpacing":16,"layoutAlign":"STRETCH","layoutGrow":0,"strokeWeight":1,"strokeAlign":"INSIDE","blendMode":"PASS_THROUGH","clipsContent":false,"constraints":{"vertical":"TOP","horizontal":"LEFT"},"absoluteBoundingBox":{"x":998,"y":-3981,"width":588.5,"height":86},"children":[{"id":"4592:29472","name":"point","type":"FRAME","layoutMode":"HORIZONTAL","layoutSizingHorizontal":"FILL","layoutSizingVertical":"HUG","layoutWrap":"NO_WRAP","primaryAxisSizingMode":"FIXED","itemSpacing":12,"layoutAlign":"STRETCH","layoutGrow":0,"strokeWeight":1,"strokeAlign":"INSIDE","blendMode":"PASS_THROUGH","clipsContent":false,"constraints":{"vertical":"TOP","horizontal":"LEFT"},"absoluteBoundingBox":{"x":998,"y":-3981,"width":588.5,"height":18},"children":[{"id":"4592:29473","name":"videocam_24dp_1F1F1F_FILL0_wght400_GRAD0_opsz24 1","type":"FRAME","layoutSizingHorizontal":"FIXED","layoutSizingVertical":"FIXED","layoutAlign":"INHERIT","layoutGrow":0,"strokeWeight":0.6666666865348816,"strokeAlign":"INSIDE","blendMode":"PASS_THROUGH","clipsContent":true,"constraints":{"vertical":"TOP","horizontal":"LEFT"},"absoluteBoundingBox":{"x":998,"y":-3981,"width":16,"height":16},"children":[]},{"id":"4592:29475","name":"Note Text","type":"TEXT","characters":"The information you share in the claim form will be officially recorded for the policy. ","style":{"fontFamily":"Noto Sans","fontSize":13,"textAlignHorizontal":"LEFT","letterSpacing":0,"fontWeight":400}}]},{"id":"4592:29476","name":"point","type":"FRAME","layoutMode":"HORIZONTAL","layoutSizingHorizontal":"FILL","layoutSizingVertical":"HUG","layoutWrap":"NO_WRAP","primaryAxisSizingMode":"FIXED","itemSpacing":12,"layoutAlign":"STRETCH","layoutGrow":0,"strokeWeight":1,"strokeAlign":"INSIDE","blendMode":"PASS_THROUGH","clipsContent":false,"constraints":{"vertical":"TOP","horizontal":"LEFT"},"absoluteBoundingBox":{"x":998,"y":-3947,"width":588.5,"height":18},"children":[{"id":"4592:29477","name":"recenter_24dp_1F1F1F_FILL0_wght400_GRAD0_opsz24 1","type":"FRAME","layoutSizingHorizontal":"FIXED","layoutSizingVertical":"FIXED","layoutAlign":"INHERIT","layoutGrow":0,"strokeWeight":0.6666666865348816,"strokeAlign":"INSIDE","blendMode":"PASS_THROUGH","clipsContent":true,"constraints":{"vertical":"TOP","horizontal":"LEFT"},"absoluteBoundingBox":{"x":998,"y":-3947,"width":16,"height":16},"children":[]},{"id":"4592:29479","name":"Note Text","type":"TEXT","characters":"Please ensure the information you are sharing is correct.","style":{"fontFamily":"Noto Sans","fontSize":13,"textAlignHorizontal":"LEFT","letterSpacing":0,"fontWeight":400}}]},{"id":"4592:29480","name":"point","type":"FRAME","layoutMode":"HORIZONTAL","layoutSizingHorizontal":"FILL","layoutSizingVertical":"HUG","layoutWrap":"NO_WRAP","primaryAxisSizingMode":"FIXED","itemSpacing":12,"layoutAlign":"STRETCH","layoutGrow":0,"strokeWeight":1,"strokeAlign":"INSIDE","blendMode":"PASS_THROUGH","clipsContent":false,"constraints":{"vertical":"TOP","horizontal":"LEFT"},"absoluteBoundingBox":{"x":998,"y":-3913,"width":588.5,"height":18},"children":[{"id":"4592:29481","name":"password_2_off_24dp_1F1F1F_FILL0_wght400_GRAD0_opsz24 1","type":"FRAME","layoutSizingHorizontal":"FIXED","layoutSizingVertical":"FIXED","layoutAlign":"INHERIT","layoutGrow":0,"strokeWeight":0.6666666865348816,"strokeAlign":"INSIDE","blendMode":"PASS_THROUGH","clipsContent":true,"constraints":{"vertical":"TOP","horizontal":"LEFT"},"absoluteBoundingBox":{"x":998,"y":-3913,"width":16,"height":16},"children":[]},{"id":"4592:29483","name":"Note Text","type":"TEXT","characters":"Our team will never ask you to share the OTP.","style":{"fontFamily":"Noto Sans","fontSize":13,"textAlignHorizontal":"LEFT","letterSpacing":0,"fontWeight":400}}]}]}]},{"id":"4592:29488","name":"container","type":"FRAME","layoutMode":"VERTICAL","layoutSizingHorizontal":"FILL","layoutSizingVertical":"HUG","layoutWrap":"NO_WRAP","counterAxisSizingMode":"FIXED","itemSpacing":16,"layoutAlign":"INHERIT","layoutGrow":1,"strokeWeight":1,"strokeAlign":"INSIDE","cornerRadius":16,"blendMode":"PASS_THROUGH","clipsContent":false,"constraints":{"vertical":"TOP","horizontal":"LEFT"},"absoluteBoundingBox":{"x":1634.5,"y":-4035,"width":620.5,"height":230.35293579101562},"padding":16,"children":[{"id":"4592:29489","name":"Warning Text","type":"TEXT","characters":"Providing incorrect or misleading information, whether intentionally or unintentionally can lead to:","style":{"fontFamily":"Noto Sans","fontSize":16,"textAlignHorizontal":"LEFT","letterSpacing":0,"fontWeight":500}},{"id":"4592:29490","name":"Points","type":"FRAME","layoutMode":"VERTICAL","layoutSizingHorizontal":"FILL","layoutSizingVertical":"HUG","layoutWrap":"NO_WRAP","counterAxisSizingMode":"FIXED","itemSpacing":16,"layoutAlign":"STRETCH","layoutGrow":0,"strokeWeight":1,"strokeAlign":"INSIDE","blendMode":"PASS_THROUGH","clipsContent":false,"constraints":{"vertical":"TOP","horizontal":"LEFT"},"absoluteBoundingBox":{"x":1650.5,"y":-3959,"width":588.5,"height":138.35293579101562},"children":[{"id":"4592:29491","name":"point","type":"FRAME","layoutMode":"HORIZONTAL","layoutSizingHorizontal":"FILL","layoutSizingVertical":"HUG","layoutWrap":"NO_WRAP","primaryAxisSizingMode":"FIXED","counterAxisAlignItems":"CENTER","itemSpacing":8,"layoutAlign":"STRETCH","layoutGrow":0,"strokeWeight":1,"strokeAlign":"INSIDE","blendMode":"PASS_THROUGH","clipsContent":false,"constraints":{"vertical":"TOP","horizontal":"LEFT"},"absoluteBoundingBox":{"x":1650.5,"y":-3959,"width":588.5,"height":24},"children":[{"id":"4592:29492","name":"system-Icons/Policy","type":"INSTANCE","layoutAlign":"INHERIT","layoutGrow":0,"absoluteBoundingBox":{"x":1650.5,"y":-3959,"width":24,"height":24},"componentId":"4646:145264","componentProperties":{"State":{"value":"Default","type":"VARIANT","boundVariables":{}},"Size":{"value":"Small","type":"VARIANT","boundVariables":{}}},"children":[]},{"id":"4592:29493","name":"Warning Item","type":"TEXT","characters":"Delay in Policy Issuance","style":{"fontFamily":"Noto Sans","fontSize":13,"textAlignHorizontal":"LEFT","letterSpacing":0,"fontWeight":400}}]},{"id":"4592:29494","name":"point","type":"FRAME","layoutMode":"HORIZONTAL","layoutSizingHorizontal":"FILL","layoutSizingVertical":"HUG","layoutWrap":"NO_WRAP","primaryAxisSizingMode":"FIXED","counterAxisAlignItems":"CENTER","itemSpacing":8,"layoutAlign":"STRETCH","layoutGrow":0,"strokeWeight":1,"strokeAlign":"INSIDE","blendMode":"PASS_THROUGH","clipsContent":false,"constraints":{"vertical":"TOP","horizontal":"LEFT"},"absoluteBoundingBox":{"x":1650.5,"y":-3919,"width":588.5,"height":24},"children":[{"id":"4592:29495","name":"dangerous_24dp_1F1F1F_FILL0_wght400_GRAD0_opsz24 3","type":"FRAME","layoutMode":"HORIZONTAL","layoutSizingHorizontal":"FIXED","layoutSizingVertical":"FIXED","layoutWrap":"NO_WRAP","primaryAxisSizingMode":"FIXED","counterAxisSizingMode":"FIXED","primaryAxisAlignItems":"CENTER","counterAxisAlignItems":"CENTER","itemSpacing":10,"layoutAlign":"INHERIT","layoutGrow":0,"strokeWeight":1,"strokeAlign":"INSIDE","cornerRadius":4,"blendMode":"PASS_THROUGH","clipsContent":true,"constraints":{"vertical":"TOP","horizontal":"LEFT"},"absoluteBoundingBox":{"x":1650.5,"y":-3919,"width":24,"height":24},"children":[]},{"id":"4592:29497","name":"Warning Item","type":"TEXT","characters":"Policy Cancellation","style":{"fontFamily":"Noto Sans","fontSize":13,"textAlignHorizontal":"LEFT","letterSpacing":0,"fontWeight":400}}]},{"id":"4592:29498","name":"point","type":"FRAME","layoutMode":"HORIZONTAL","layoutSizingHorizontal":"FILL","layoutSizingVertical":"HUG","layoutWrap":"NO_WRAP","primaryAxisSizingMode":"FIXED","counterAxisAlignItems":"CENTER","itemSpacing":8,"layoutAlign":"STRETCH","layoutGrow":0,"strokeWeight":1,"strokeAlign":"INSIDE","blendMode":"PASS_THROUGH","clipsContent":false,"constraints":{"vertical":"TOP","horizontal":"LEFT"},"absoluteBoundingBox":{"x":1650.5,"y":-3879,"width":588.5,"height":21.176469802856445},"children":[{"id":"4592:29499","name":"contract_delete_24dp_1F1F1F_FILL0_wght400_GRAD0_opsz24 1","type":"FRAME","layoutSizingHorizontal":"FIXED","layoutSizingVertical":"FIXED","layoutAlign":"INHERIT","layoutGrow":0,"strokeWeight":0.8823529481887817,"strokeAlign":"INSIDE","blendMode":"PASS_THROUGH","clipsContent":true,"constraints":{"vertical":"TOP","horizontal":"LEFT"},"absoluteBoundingBox":{"x":1650.5,"y":-3879,"width":21.176469802856445,"height":21.176469802856445},"children":[]},{"id":"4592:29501","name":"Warning Item","type":"TEXT","characters":"Claim Rejection","style":{"fontFamily":"Noto Sans","fontSize":13,"textAlignHorizontal":"LEFT","letterSpacing":0,"fontWeight":400}}]},{"id":"4592:29502","name":"point","type":"FRAME","layoutMode":"HORIZONTAL","layoutSizingHorizontal":"FILL","layoutSizingVertical":"HUG","layoutWrap":"NO_WRAP","primaryAxisSizingMode":"FIXED","counterAxisAlignItems":"CENTER","itemSpacing":8,"layoutAlign":"STRETCH","layoutGrow":0,"strokeWeight":1,"strokeAlign":"INSIDE","blendMode":"PASS_THROUGH","clipsContent":false,"constraints":{"vertical":"TOP","horizontal":"LEFT"},"absoluteBoundingBox":{"x":1650.5,"y":-3841.823486328125,"width":588.5,"height":21.176469802856445},"children":[{"id":"4592:29503","name":"contract_delete_24dp_1F1F1F_FILL0_wght400_GRAD0_opsz24 1","type":"FRAME","layoutSizingHorizontal":"FIXED","layoutSizingVertical":"FIXED","layoutAlign":"INHERIT","layoutGrow":0,"strokeWeight":0.8823529481887817,"strokeAlign":"INSIDE","blendMode":"PASS_THROUGH","clipsContent":true,"constraints":{"vertical":"TOP","horizontal":"LEFT"},"absoluteBoundingBox":{"x":1650.5,"y":-3841.823486328125,"width":21.176469802856445,"height":21.176469802856445},"children":[]},{"id":"4592:29505","name":"Warning Item","type":"TEXT","characters":"No third party involvement allowed ","style":{"fontFamily":"Noto Sans","fontSize":13,"textAlignHorizontal":"LEFT","letterSpacing":0,"fontWeight":400}}]}]}]}]}]},"components":{"533:36945":{"id":"533:36945","name":"Property 1=Variant3","componentSetName":"Container","componentSetDescription":""},"4646:133923":{"id":"4646:133923","name":"Type=Text Link, State=Idle","componentSetName":"Button/Small","componentSetDescription":""},"4646:133539":{"id":"4646:133539","name":"State=Default, Size=Default","componentSetName":"system-Icons/Heart","componentSetDescription":""},"4646:138800":{"id":"4646:138800","name":"Directions=Right, Size=Small","componentSetName":"system-Icons/Arrow","componentSetDescription":""},"332:7827":{"id":"332:7827","name":"Directions=Left, Size=Small","componentSetName":"Icons/Arrow","componentSetDescription":""},"4646:137050":{"id":"4646:137050","name":"Type=Unselected, State=Enabled","componentSetName":"Input/Control/Radio","componentSetDescription":""},"4646:138694":{"id":"4646:138694","name":"State=Default","componentSetName":"Input/Select","componentSetDescription":""},"2:613":{"id":"2:613","name":"Property 1=Default","componentSetName":"cursor","componentSetDescription":""},"4646:138097":{"id":"4646:138097","name":"Direction=Down, Size=Default","componentSetName":"system-Icons/Chevron","componentSetDescription":""},"4646:138577":{"id":"4646:138577","name":"Size=Small","componentSetName":"system-Icons/Info","componentSetDescription":""},"332:7798":{"id":"332:7798","name":"Directions=Left, Size=Default","componentSetName":"Icons/Arrow","componentSetDescription":""},"546:29142":{"id":"546:29142","name":"Property 1=Disabled","componentSetName":"Sidenav_base_ component","componentSetDescription":""},"4646:142932":{"id":"4646:142932","name":"Device=Web, Size=Medium, Direction=Horizontal","componentSetName":"Progress Stepper","componentSetDescription":""},"4585:27426":{"id":"4585:27426","name":"Progress Step State=Inactive, Direction=Horizontal, Size=Small, State=Default","componentSetName":"_Progress step","componentSetDescription":""},"4585:27368":{"id":"4585:27368","name":"Size=Medium, Property 1=Inactive","componentSetName":"_Nodes","componentSetDescription":""},"4585:27346":{"id":"4585:27346","name":"Size=Medium","componentSetName":"_Label Text","componentSetDescription":""},"4585:27168":{"id":"4585:27168","name":"Variant=Badge, Size=Small, Style=Simple, State=Information","componentSetName":"Content / Badge","componentSetDescription":"Badges are small visual elements that emphasize key features, status or promotions within a user flow. Their content should typically be three words or fewer."},"4296:21463":{"id":"4296:21463","name":"State=Default, Size=Default","componentSetName":"system-Icons/Heart","componentSetDescription":""},"4646:142584":{"id":"4646:142584","name":"Progress Step State=Inactive, Direction=Horizontal, Size=Small, State=Default","componentSetName":"_Progress step","componentSetDescription":""},"4646:142526":{"id":"4646:142526","name":"Size=Medium, Property 1=Inactive","componentSetName":"_Nodes","componentSetDescription":""},"4646:142506":{"id":"4646:142506","name":"Size=Medium","componentSetName":"_Label Text","componentSetDescription":""},"4646:133579":{"id":"4646:133579","name":"Variant=Badge, Size=Small, Style=Simple, State=Information","componentSetName":"Content / Badge","componentSetDescription":"Badges are small visual elements that emphasize key features, status or promotions within a user flow. Their content should typically be three words or fewer."},"4646:145264":{"id":"4646:145264","name":"State=Default, Size=Small","componentSetName":"system-Icons/Policy","componentSetDescription":""}}}