{"nodes":{"id":"3455:14958","name":"YES - Mobile 10","type":"FRAME","strokeWeight":1,"strokeAlign":"INSIDE","cornerRadius":16,"blendMode":"PASS_THROUGH","clipsContent":true,"constraints":{"vertical":"TOP","horizontal":"LEFT"},"absoluteBoundingBox":{"x":800,"y":0,"width":360,"height":1533},"children":[{"id":"3455:14959","name":"Form Container","type":"FRAME","layoutMode":"VERTICAL","layoutSizingHorizontal":"HUG","layoutSizingVertical":"HUG","layoutWrap":"NO_WRAP","primaryAxisAlignItems":"CENTER","counterAxisAlignItems":"CENTER","itemSpacing":32,"strokeWeight":1,"strokeAlign":"INSIDE","blendMode":"PASS_THROUGH","clipsContent":false,"constraints":{"vertical":"TOP","horizontal":"LEFT"},"absoluteBoundingBox":{"x":816,"y":82,"width":328,"height":1392.3529052734375},"padding":"undefined undefined 40","children":[{"id":"3455:14960","name":"Form Section","type":"FRAME","layoutMode":"VERTICAL","layoutSizingHorizontal":"FILL","layoutSizingVertical":"HUG","layoutWrap":"NO_WRAP","counterAxisSizingMode":"FIXED","itemSpacing":24,"layoutAlign":"STRETCH","layoutGrow":0,"strokeWeight":1,"strokeAlign":"INSIDE","blendMode":"PASS_THROUGH","clipsContent":false,"constraints":{"vertical":"TOP","horizontal":"LEFT"},"absoluteBoundingBox":{"x":816,"y":82,"width":328,"height":338},"children":[{"id":"3455:14961","name":"Question Container","type":"FRAME","layoutMode":"VERTICAL","layoutSizingHorizontal":"FILL","layoutSizingVertical":"HUG","layoutWrap":"NO_WRAP","counterAxisSizingMode":"FIXED","itemSpacing":8,"layoutAlign":"STRETCH","layoutGrow":0,"strokeWeight":1,"strokeAlign":"INSIDE","blendMode":"PASS_THROUGH","clipsContent":false,"constraints":{"vertical":"TOP","horizontal":"LEFT"},"absoluteBoundingBox":{"x":816,"y":82,"width":328,"height":60},"children":[{"id":"3455:14962","name":"Question Text","type":"TEXT","characters":"Do you have the contact details of the Policy holder?","style":{"fontFamily":"Lato","fontSize":25,"textAlignHorizontal":"LEFT","letterSpacing":-0.03999999910593033,"fontWeight":400}}]},{"id":"4781:31195","name":"Options Container","type":"FRAME","layoutMode":"VERTICAL","layoutSizingHorizontal":"FIXED","layoutSizingVertical":"HUG","layoutWrap":"NO_WRAP","counterAxisSizingMode":"FIXED","itemSpacing":24,"layoutAlign":"INHERIT","layoutGrow":0,"strokeWeight":1,"strokeAlign":"INSIDE","blendMode":"PASS_THROUGH","clipsContent":false,"constraints":{"vertical":"TOP","horizontal":"LEFT"},"absoluteBoundingBox":{"x":816,"y":166,"width":328,"height":254},"children":[{"id":"4781:31196","name":"Death Claim","type":"FRAME","layoutMode":"VERTICAL","layoutSizingHorizontal":"FILL","layoutSizingVertical":"HUG","layoutWrap":"NO_WRAP","counterAxisSizingMode":"FIXED","primaryAxisAlignItems":"CENTER","itemSpacing":8,"layoutAlign":"STRETCH","layoutGrow":0,"strokeWeight":1,"strokeAlign":"INSIDE","blendMode":"PASS_THROUGH","clipsContent":false,"constraints":{"vertical":"TOP","horizontal":"LEFT"},"absoluteBoundingBox":{"x":816,"y":166,"width":328,"height":80},"children":[{"id":"4781:31197","name":"Option Container","type":"FRAME","layoutMode":"VERTICAL","layoutSizingHorizontal":"FILL","layoutSizingVertical":"HUG","layoutWrap":"NO_WRAP","counterAxisSizingMode":"FIXED","itemSpacing":16,"layoutAlign":"STRETCH","layoutGrow":0,"strokeWeight":1,"strokeAlign":"INSIDE","blendMode":"PASS_THROUGH","clipsContent":false,"constraints":{"vertical":"TOP","horizontal":"LEFT"},"absoluteBoundingBox":{"x":816,"y":166,"width":328,"height":80},"children":[{"id":"4781:31198","name":"Option Content","type":"FRAME","layoutMode":"HORIZONTAL","layoutSizingHorizontal":"FILL","layoutSizingVertical":"HUG","layoutWrap":"NO_WRAP","primaryAxisSizingMode":"FIXED","counterAxisAlignItems":"CENTER","layoutAlign":"STRETCH","layoutGrow":0,"strokeWeight":1,"strokeAlign":"OUTSIDE","cornerRadius":8,"blendMode":"PASS_THROUGH","clipsContent":false,"constraints":{"vertical":"TOP","horizontal":"LEFT"},"absoluteBoundingBox":{"x":816,"y":166,"width":328,"height":80},"padding":"16 2","effects":["box-shadow: 0px 4px 12px 0px rgba(144, 164, 202, 0.20000000298023224)"],"children":[{"id":"4781:31199","name":"Option Selection","type":"FRAME","layoutMode":"HORIZONTAL","layoutSizingHorizontal":"FILL","layoutSizingVertical":"HUG","layoutWrap":"NO_WRAP","primaryAxisSizingMode":"FIXED","itemSpacing":12,"layoutAlign":"INHERIT","layoutGrow":1,"strokeWeight":1,"strokeAlign":"INSIDE","blendMode":"PASS_THROUGH","clipsContent":false,"constraints":{"vertical":"TOP","horizontal":"LEFT"},"absoluteBoundingBox":{"x":818,"y":182,"width":324,"height":48},"padding":"undefined 16","children":[{"id":"4781:31200","name":"Input/Control/Radio","type":"INSTANCE","layoutAlign":"INHERIT","layoutGrow":0,"absoluteBoundingBox":{"x":834,"y":182,"width":16.66666603088379,"height":23.33333396911621},"componentId":"4646:137050","componentProperties":{"Has text?#1607:35":{"type":"BOOLEAN","value":false},"Label#1607:26":{"type":"TEXT","value":"Nominee"},"Type":{"value":"Unselected","type":"VARIANT","boundVariables":{}},"State":{"value":"Enabled","type":"VARIANT","boundVariables":{}}},"children":[{"id":"I4781:31200;113:1312","name":"radio","type":"FRAME","layoutMode":"HORIZONTAL","layoutSizingHorizontal":"HUG","layoutSizingVertical":"FIXED","layoutWrap":"NO_WRAP","counterAxisSizingMode":"FIXED","counterAxisAlignItems":"CENTER","itemSpacing":10,"layoutAlign":"INHERIT","layoutGrow":0,"strokeWeight":0.8333333134651184,"strokeAlign":"INSIDE","blendMode":"PASS_THROUGH","clipsContent":false,"constraints":{"vertical":"TOP","horizontal":"LEFT"},"absoluteBoundingBox":{"x":834,"y":183.6666717529297,"width":16.66666603088379,"height":20},"children":[]}]},{"id":"4781:31201","name":"Option Details","type":"FRAME","layoutMode":"VERTICAL","layoutSizingHorizontal":"FILL","layoutSizingVertical":"HUG","layoutWrap":"NO_WRAP","counterAxisSizingMode":"FIXED","primaryAxisAlignItems":"CENTER","itemSpacing":8,"layoutAlign":"INHERIT","layoutGrow":1,"strokeWeight":1,"strokeAlign":"INSIDE","blendMode":"PASS_THROUGH","clipsContent":false,"constraints":{"vertical":"TOP","horizontal":"LEFT"},"absoluteBoundingBox":{"x":862.6666870117188,"y":182,"width":263.3333435058594,"height":48},"children":[{"id":"4781:31202","name":"Option Title Container","type":"FRAME","layoutMode":"VERTICAL","layoutSizingHorizontal":"FILL","layoutSizingVertical":"HUG","layoutWrap":"NO_WRAP","counterAxisSizingMode":"FIXED","itemSpacing":2,"layoutAlign":"STRETCH","layoutGrow":0,"strokeWeight":1,"strokeAlign":"INSIDE","blendMode":"PASS_THROUGH","clipsContent":false,"constraints":{"vertical":"TOP","horizontal":"LEFT"},"absoluteBoundingBox":{"x":862.6666870117188,"y":182,"width":263.3333435058594,"height":22},"children":[{"id":"4781:31203","name":"Option Title","type":"TEXT","characters":"Yes","style":{"fontFamily":"Noto Sans","fontSize":16,"textAlignHorizontal":"LEFT","letterSpacing":0,"fontWeight":500}}]},{"id":"4781:31204","name":"Option Description Container","type":"FRAME","layoutMode":"VERTICAL","layoutSizingHorizontal":"FILL","layoutSizingVertical":"HUG","layoutWrap":"NO_WRAP","counterAxisSizingMode":"FIXED","itemSpacing":2,"layoutAlign":"STRETCH","layoutGrow":0,"strokeWeight":1,"strokeAlign":"INSIDE","blendMode":"PASS_THROUGH","clipsContent":false,"constraints":{"vertical":"TOP","horizontal":"LEFT"},"absoluteBoundingBox":{"x":862.6666870117188,"y":212,"width":263.3333435058594,"height":18},"children":[{"id":"4781:31205","name":"I have the Life Assured’s mobile/email","type":"TEXT","characters":"I have the Life Assured’s mobile/email","style":{"fontFamily":"Noto Sans","fontSize":13,"textAlignHorizontal":"LEFT","letterSpacing":0,"fontWeight":400}}]}]}]}]}]}]},{"id":"4781:31210","name":"Frame 1171277421","type":"FRAME","layoutMode":"VERTICAL","layoutSizingHorizontal":"FILL","layoutSizingVertical":"HUG","layoutWrap":"NO_WRAP","counterAxisSizingMode":"FIXED","layoutAlign":"STRETCH","layoutGrow":0,"strokeWeight":1,"strokeAlign":"INSIDE","blendMode":"PASS_THROUGH","clipsContent":false,"constraints":{"vertical":"TOP","horizontal":"LEFT"},"absoluteBoundingBox":{"x":816,"y":270,"width":328,"height":150},"children":[{"id":"4781:31211","name":"Option Container","type":"FRAME","layoutMode":"VERTICAL","layoutSizingHorizontal":"FILL","layoutSizingVertical":"HUG","layoutWrap":"NO_WRAP","counterAxisSizingMode":"FIXED","itemSpacing":16,"layoutAlign":"STRETCH","layoutGrow":0,"strokeWeight":1,"strokeAlign":"INSIDE","blendMode":"PASS_THROUGH","clipsContent":false,"constraints":{"vertical":"TOP","horizontal":"LEFT"},"absoluteBoundingBox":{"x":816,"y":270,"width":328,"height":98},"children":[{"id":"4781:31212","name":"Option Content","type":"FRAME","layoutMode":"HORIZONTAL","layoutSizingHorizontal":"FILL","layoutSizingVertical":"HUG","layoutWrap":"NO_WRAP","primaryAxisSizingMode":"FIXED","counterAxisAlignItems":"CENTER","layoutAlign":"STRETCH","layoutGrow":0,"strokeWeight":1,"strokeAlign":"OUTSIDE","cornerRadius":8,"blendMode":"PASS_THROUGH","clipsContent":false,"constraints":{"vertical":"TOP","horizontal":"LEFT"},"absoluteBoundingBox":{"x":816,"y":270,"width":328,"height":98},"padding":"16 2","effects":["box-shadow: 0px 4px 12px 0px rgba(144, 164, 202, 0.20000000298023224)"],"children":[{"id":"4781:31213","name":"Option Selection","type":"FRAME","layoutMode":"HORIZONTAL","layoutSizingHorizontal":"FILL","layoutSizingVertical":"HUG","layoutWrap":"NO_WRAP","primaryAxisSizingMode":"FIXED","itemSpacing":12,"layoutAlign":"INHERIT","layoutGrow":1,"strokeWeight":1,"strokeAlign":"INSIDE","blendMode":"PASS_THROUGH","clipsContent":false,"constraints":{"vertical":"TOP","horizontal":"LEFT"},"absoluteBoundingBox":{"x":818,"y":286,"width":324,"height":66},"padding":"undefined 16","children":[{"id":"4781:31214","name":"Input/Control/Radio","type":"INSTANCE","layoutAlign":"INHERIT","layoutGrow":0,"absoluteBoundingBox":{"x":834,"y":286,"width":16.66666603088379,"height":23.33333396911621},"componentId":"4646:137050","componentProperties":{"Has text?#1607:35":{"type":"BOOLEAN","value":false},"Label#1607:26":{"type":"TEXT","value":"Nominee"},"Type":{"value":"Unselected","type":"VARIANT","boundVariables":{}},"State":{"value":"Enabled","type":"VARIANT","boundVariables":{}}},"children":[{"id":"I4781:31214;113:1312","name":"radio","type":"FRAME","layoutMode":"HORIZONTAL","layoutSizingHorizontal":"HUG","layoutSizingVertical":"FIXED","layoutWrap":"NO_WRAP","counterAxisSizingMode":"FIXED","counterAxisAlignItems":"CENTER","itemSpacing":10,"layoutAlign":"INHERIT","layoutGrow":0,"strokeWeight":0.8333333134651184,"strokeAlign":"INSIDE","blendMode":"PASS_THROUGH","clipsContent":false,"constraints":{"vertical":"TOP","horizontal":"LEFT"},"absoluteBoundingBox":{"x":834,"y":287.6666564941406,"width":16.66666603088379,"height":20},"children":[]}]},{"id":"4781:31215","name":"Option Details","type":"FRAME","layoutMode":"VERTICAL","layoutSizingHorizontal":"FILL","layoutSizingVertical":"HUG","layoutWrap":"NO_WRAP","counterAxisSizingMode":"FIXED","primaryAxisAlignItems":"CENTER","itemSpacing":8,"layoutAlign":"INHERIT","layoutGrow":1,"strokeWeight":1,"strokeAlign":"INSIDE","blendMode":"PASS_THROUGH","clipsContent":false,"constraints":{"vertical":"TOP","horizontal":"LEFT"},"absoluteBoundingBox":{"x":862.6666870117188,"y":286,"width":263.3333435058594,"height":66},"children":[{"id":"4781:31216","name":"Option Title Container","type":"FRAME","layoutMode":"VERTICAL","layoutSizingHorizontal":"FILL","layoutSizingVertical":"HUG","layoutWrap":"NO_WRAP","counterAxisSizingMode":"FIXED","itemSpacing":2,"layoutAlign":"STRETCH","layoutGrow":0,"strokeWeight":1,"strokeAlign":"INSIDE","blendMode":"PASS_THROUGH","clipsContent":false,"constraints":{"vertical":"TOP","horizontal":"LEFT"},"absoluteBoundingBox":{"x":862.6666870117188,"y":286,"width":263.3333435058594,"height":22},"children":[{"id":"4781:31217","name":"Option Title","type":"TEXT","characters":"No","style":{"fontFamily":"Noto Sans","fontSize":16,"textAlignHorizontal":"LEFT","letterSpacing":0,"fontWeight":500}}]},{"id":"4781:31218","name":"Option Description Container","type":"FRAME","layoutMode":"VERTICAL","layoutSizingHorizontal":"FILL","layoutSizingVertical":"HUG","layoutWrap":"NO_WRAP","counterAxisSizingMode":"FIXED","itemSpacing":2,"layoutAlign":"STRETCH","layoutGrow":0,"strokeWeight":1,"strokeAlign":"INSIDE","blendMode":"PASS_THROUGH","clipsContent":false,"constraints":{"vertical":"TOP","horizontal":"LEFT"},"absoluteBoundingBox":{"x":862.6666870117188,"y":316,"width":263.3333435058594,"height":36},"children":[{"id":"4781:31219","name":"Option Description","type":"TEXT","characters":"I do not have policy holder’s mobile number or email ID access\r","style":{"fontFamily":"Noto Sans","fontSize":13,"textAlignHorizontal":"LEFT","letterSpacing":0,"fontWeight":400}}]}]}]}]}]},{"id":"4781:31224","name":"Frame 1171277459","type":"FRAME","layoutMode":"HORIZONTAL","layoutSizingHorizontal":"FILL","layoutSizingVertical":"HUG","layoutWrap":"NO_WRAP","primaryAxisSizingMode":"FIXED","counterAxisAlignItems":"CENTER","itemSpacing":8,"layoutAlign":"STRETCH","layoutGrow":0,"strokeWeight":1,"strokeAlign":"INSIDE","blendMode":"PASS_THROUGH","clipsContent":false,"constraints":{"vertical":"TOP","horizontal":"LEFT"},"absoluteBoundingBox":{"x":816,"y":368,"width":328,"height":52},"padding":"8 16","children":[{"id":"4781:31225","name":"system-Icons/Info","type":"INSTANCE","layoutAlign":"INHERIT","layoutGrow":0,"absoluteBoundingBox":{"x":832,"y":382,"width":24,"height":24},"componentId":"4646:138577","componentProperties":{"Size":{"value":"Small","type":"VARIANT","boundVariables":{}}},"children":[]},{"id":"4781:31226","name":"Claims from unregistered numbers may take longer to process","type":"TEXT","characters":"Claims from unregistered numbers may take longer to process","style":{"fontFamily":"Noto Sans","fontSize":13,"textAlignHorizontal":"LEFT","letterSpacing":0,"fontWeight":400}}]}]}]}]},{"id":"4781:32238","name":"Divider","type":"INSTANCE","layoutAlign":"INHERIT","layoutGrow":0,"absoluteBoundingBox":{"x":960,"y":452,"width":40,"height":0},"componentId":"4646:138359","componentProperties":{"Type":{"value":"horizontal","type":"VARIANT","boundVariables":{}},"Title":{"value":"false","type":"VARIANT","boundVariables":{}},"⬑Orientation":{"value":".N/A","type":"VARIANT","boundVariables":{}}},"children":[]},{"id":"4781:32081","name":"Steps Container","type":"FRAME","layoutMode":"VERTICAL","layoutSizingHorizontal":"FIXED","layoutSizingVertical":"HUG","layoutWrap":"NO_WRAP","counterAxisSizingMode":"FIXED","counterAxisAlignItems":"CENTER","itemSpacing":16,"layoutAlign":"INHERIT","layoutGrow":0,"strokeWeight":1,"strokeAlign":"INSIDE","cornerRadius":16,"blendMode":"PASS_THROUGH","clipsContent":false,"constraints":{"vertical":"TOP","horizontal":"LEFT"},"absoluteBoundingBox":{"x":816,"y":484,"width":328,"height":950.3529052734375},"children":[{"id":"4781:32082","name":"Steps Section","type":"FRAME","layoutMode":"VERTICAL","layoutSizingHorizontal":"FILL","layoutSizingVertical":"HUG","layoutWrap":"NO_WRAP","counterAxisSizingMode":"FIXED","counterAxisAlignItems":"CENTER","itemSpacing":8,"layoutAlign":"STRETCH","layoutGrow":0,"strokeWeight":1,"strokeAlign":"INSIDE","blendMode":"PASS_THROUGH","clipsContent":false,"constraints":{"vertical":"TOP","horizontal":"LEFT"},"absoluteBoundingBox":{"x":816,"y":484,"width":328,"height":422},"children":[{"id":"4781:32083","name":"Steps Title Container","type":"FRAME","layoutMode":"VERTICAL","layoutSizingHorizontal":"FIXED","layoutSizingVertical":"FIXED","layoutWrap":"NO_WRAP","primaryAxisSizingMode":"FIXED","counterAxisSizingMode":"FIXED","itemSpacing":20,"layoutAlign":"INHERIT","layoutGrow":0,"strokeWeight":1,"strokeAlign":"INSIDE","blendMode":"PASS_THROUGH","clipsContent":false,"constraints":{"vertical":"TOP","horizontal":"LEFT"},"absoluteBoundingBox":{"x":836,"y":484,"width":288,"height":22},"children":[{"id":"4781:32084","name":"Steps Title","type":"TEXT","characters":"3 Easy Steps to Claim Submission","style":{"fontFamily":"Noto Sans","fontSize":16,"textAlignHorizontal":"CENTER","letterSpacing":0,"fontWeight":700}}]},{"id":"4781:32089","name":"Progress Stepper","type":"FRAME","layoutMode":"HORIZONTAL","layoutSizingHorizontal":"FILL","layoutSizingVertical":"FIXED","layoutWrap":"NO_WRAP","primaryAxisSizingMode":"FIXED","counterAxisSizingMode":"FIXED","counterAxisAlignItems":"CENTER","layoutAlign":"STRETCH","layoutGrow":0,"strokeWeight":1,"strokeAlign":"INSIDE","blendMode":"PASS_THROUGH","clipsContent":false,"constraints":{"vertical":"TOP","horizontal":"LEFT"},"absoluteBoundingBox":{"x":816,"y":514,"width":328,"height":134},"children":[{"id":"4781:32090","name":"_Progress step","type":"FRAME","layoutMode":"VERTICAL","layoutSizingHorizontal":"FILL","layoutSizingVertical":"HUG","layoutWrap":"NO_WRAP","counterAxisSizingMode":"FIXED","itemSpacing":4,"layoutAlign":"INHERIT","layoutGrow":1,"strokeWeight":1,"strokeAlign":"INSIDE","blendMode":"PASS_THROUGH","clipsContent":false,"constraints":{"vertical":"TOP","horizontal":"LEFT"},"absoluteBoundingBox":{"x":816,"y":523.4000244140625,"width":109.33333587646484,"height":115.19999694824219},"padding":"8 undefined","children":[{"id":"4781:32091","name":"Stepper","type":"FRAME","layoutMode":"HORIZONTAL","layoutSizingHorizontal":"FILL","layoutSizingVertical":"HUG","layoutWrap":"NO_WRAP","primaryAxisSizingMode":"FIXED","counterAxisAlignItems":"CENTER","layoutAlign":"STRETCH","layoutGrow":0,"strokeWeight":1,"strokeAlign":"INSIDE","blendMode":"PASS_THROUGH","clipsContent":false,"constraints":{"vertical":"TOP","horizontal":"LEFT"},"absoluteBoundingBox":{"x":816,"y":531.4000244140625,"width":109.33333587646484,"height":31.200000762939453},"children":[{"id":"4781:32092","name":"Left Line Frame","type":"FRAME","layoutMode":"VERTICAL","layoutSizingHorizontal":"FILL","layoutSizingVertical":"HUG","layoutWrap":"NO_WRAP","counterAxisSizingMode":"FIXED","itemSpacing":10,"layoutAlign":"INHERIT","layoutGrow":1,"strokeWeight":1,"strokeAlign":"INSIDE","blendMode":"PASS_THROUGH","clipsContent":false,"constraints":{"vertical":"TOP","horizontal":"LEFT"},"absoluteBoundingBox":{"x":816,"y":545.5,"width":44.66666793823242,"height":3},"children":[]},{"id":"4781:32094","name":"Step Indicator","type":"FRAME","layoutMode":"VERTICAL","layoutSizingHorizontal":"HUG","layoutSizingVertical":"HUG","layoutWrap":"NO_WRAP","primaryAxisAlignItems":"CENTER","counterAxisAlignItems":"MAX","itemSpacing":10,"layoutAlign":"INHERIT","layoutGrow":0,"strokeWeight":1,"strokeAlign":"INSIDE","blendMode":"PASS_THROUGH","clipsContent":false,"constraints":{"vertical":"TOP","horizontal":"LEFT"},"absoluteBoundingBox":{"x":860.6666870117188,"y":531.4000244140625,"width":20,"height":31.200000762939453},"children":[{"id":"4781:32095","name":"_Nodes","type":"INSTANCE","layoutAlign":"INHERIT","layoutGrow":0,"absoluteBoundingBox":{"x":860.6666870117188,"y":531.4000244140625,"width":20,"height":31.200000762939453},"componentId":"1319:21151","componentProperties":{"Size":{"value":"Small","type":"VARIANT","boundVariables":{}},"Property 1":{"value":"Inactive","type":"VARIANT","boundVariables":{}}},"children":[{"id":"I4781:32095;11179:34063","name":"Node ","type":"FRAME","layoutMode":"HORIZONTAL","layoutSizingHorizontal":"HUG","layoutSizingVertical":"FIXED","layoutWrap":"NO_WRAP","counterAxisSizingMode":"FIXED","primaryAxisAlignItems":"CENTER","counterAxisAlignItems":"CENTER","itemSpacing":8,"layoutAlign":"INHERIT","layoutGrow":0,"strokeWeight":1,"strokeAlign":"INSIDE","blendMode":"PASS_THROUGH","clipsContent":false,"layoutPositioning":"ABSOLUTE","constraints":{"vertical":"TOP","horizontal":"LEFT"},"absoluteBoundingBox":{"x":860.6666870117188,"y":531.4000244140625,"width":20,"height":31},"children":[{"id":"I4781:32095;11179:34064","name":"radio","type":"FRAME","layoutMode":"HORIZONTAL","layoutSizingHorizontal":"HUG","layoutSizingVertical":"FIXED","layoutWrap":"NO_WRAP","counterAxisSizingMode":"FIXED","counterAxisAlignItems":"CENTER","itemSpacing":8,"layoutAlign":"INHERIT","layoutGrow":0,"strokeWeight":1,"strokeAlign":"INSIDE","blendMode":"PASS_THROUGH","clipsContent":false,"constraints":{"vertical":"TOP","horizontal":"LEFT"},"absoluteBoundingBox":{"x":860.6666870117188,"y":534.9000244140625,"width":20,"height":24},"children":[]}]},{"id":"I4781:32095;11179:34067","name":"Inactive Node","type":"GROUP","children":[{"id":"I4781:32095;11179:34069","name":"1","type":"TEXT","characters":"1","style":{"fontFamily":"Noto Sans","fontSize":10,"textAlignHorizontal":"CENTER","letterSpacing":0,"fontWeight":700}}]}]}]},{"id":"4781:32096","name":"Right Line Frame","type":"FRAME","layoutMode":"VERTICAL","layoutSizingHorizontal":"FILL","layoutSizingVertical":"HUG","layoutWrap":"NO_WRAP","counterAxisSizingMode":"FIXED","itemSpacing":10,"layoutAlign":"INHERIT","layoutGrow":1,"strokeWeight":1,"strokeAlign":"INSIDE","blendMode":"PASS_THROUGH","clipsContent":false,"constraints":{"vertical":"TOP","horizontal":"LEFT"},"absoluteBoundingBox":{"x":880.6666870117188,"y":545.5,"width":44.66666793823242,"height":3},"children":[{"id":"4781:32097","name":"Right Line","type":"FRAME","layoutMode":"HORIZONTAL","layoutSizingHorizontal":"FILL","layoutSizingVertical":"HUG","layoutWrap":"NO_WRAP","primaryAxisSizingMode":"FIXED","primaryAxisAlignItems":"CENTER","counterAxisAlignItems":"CENTER","itemSpacing":10,"layoutAlign":"STRETCH","layoutGrow":0,"strokeWeight":1,"strokeAlign":"INSIDE","blendMode":"PASS_THROUGH","clipsContent":true,"constraints":{"vertical":"TOP","horizontal":"LEFT"},"absoluteBoundingBox":{"x":880.6666870117188,"y":545.5,"width":44.66666793823242,"height":3},"padding":10,"children":[]}]}]},{"id":"4781:32098","name":"_Label Text","type":"FRAME","layoutMode":"VERTICAL","layoutSizingHorizontal":"FILL","layoutSizingVertical":"HUG","layoutWrap":"NO_WRAP","counterAxisSizingMode":"FIXED","counterAxisAlignItems":"CENTER","itemSpacing":4,"layoutAlign":"STRETCH","layoutGrow":0,"strokeWeight":1,"strokeAlign":"INSIDE","blendMode":"PASS_THROUGH","clipsContent":false,"constraints":{"vertical":"TOP","horizontal":"LEFT"},"absoluteBoundingBox":{"x":816,"y":566.6000366210938,"width":109.33333587646484,"height":64},"children":[{"id":"4781:32099","name":"Text Content","type":"FRAME","layoutMode":"VERTICAL","layoutSizingHorizontal":"FILL","layoutSizingVertical":"HUG","layoutWrap":"NO_WRAP","counterAxisSizingMode":"FIXED","counterAxisAlignItems":"CENTER","layoutAlign":"STRETCH","layoutGrow":0,"strokeWeight":1,"strokeAlign":"INSIDE","blendMode":"PASS_THROUGH","clipsContent":false,"constraints":{"vertical":"TOP","horizontal":"LEFT"},"absoluteBoundingBox":{"x":816,"y":566.6000366210938,"width":109.33333587646484,"height":64},"children":[{"id":"4781:32100","name":"Label","type":"TEXT","characters":"Verifyyourself","style":{"fontFamily":"Noto Sans","fontSize":13,"textAlignHorizontal":"CENTER","letterSpacing":0,"fontWeight":600}},{"id":"4781:32101","name":"Supportive Text","type":"TEXT","characters":"Policy check and eKYC","style":{"fontFamily":"Noto Sans","fontSize":10,"textAlignHorizontal":"CENTER","letterSpacing":0,"fontWeight":400}}]}]}]},{"id":"4781:32104","name":"_Progress step","type":"FRAME","layoutMode":"VERTICAL","layoutSizingHorizontal":"FILL","layoutSizingVertical":"HUG","layoutWrap":"NO_WRAP","counterAxisSizingMode":"FIXED","itemSpacing":4,"layoutAlign":"INHERIT","layoutGrow":1,"strokeWeight":1,"strokeAlign":"INSIDE","blendMode":"PASS_THROUGH","clipsContent":false,"constraints":{"vertical":"TOP","horizontal":"LEFT"},"absoluteBoundingBox":{"x":925.3333129882812,"y":523.4000244140625,"width":109.33332824707031,"height":115.19999694824219},"padding":"8 undefined","children":[{"id":"4781:32105","name":"Stepper","type":"FRAME","layoutMode":"HORIZONTAL","layoutSizingHorizontal":"FILL","layoutSizingVertical":"HUG","layoutWrap":"NO_WRAP","primaryAxisSizingMode":"FIXED","counterAxisAlignItems":"CENTER","layoutAlign":"STRETCH","layoutGrow":0,"strokeWeight":1,"strokeAlign":"INSIDE","blendMode":"PASS_THROUGH","clipsContent":false,"constraints":{"vertical":"TOP","horizontal":"LEFT"},"absoluteBoundingBox":{"x":925.3333129882812,"y":531.4000244140625,"width":109.33332824707031,"height":31.200000762939453},"children":[{"id":"4781:32106","name":"Left Line Frame","type":"FRAME","layoutMode":"VERTICAL","layoutSizingHorizontal":"FILL","layoutSizingVertical":"HUG","layoutWrap":"NO_WRAP","counterAxisSizingMode":"FIXED","itemSpacing":10,"layoutAlign":"INHERIT","layoutGrow":1,"strokeWeight":1,"strokeAlign":"INSIDE","blendMode":"PASS_THROUGH","clipsContent":false,"constraints":{"vertical":"TOP","horizontal":"LEFT"},"absoluteBoundingBox":{"x":925.3333129882812,"y":545.5,"width":44.666664123535156,"height":3},"children":[{"id":"4781:32107","name":"Left Line","type":"FRAME","layoutMode":"HORIZONTAL","layoutSizingHorizontal":"FILL","layoutSizingVertical":"HUG","layoutWrap":"NO_WRAP","primaryAxisSizingMode":"FIXED","itemSpacing":10,"layoutAlign":"STRETCH","layoutGrow":0,"strokeWeight":1,"strokeAlign":"INSIDE","blendMode":"PASS_THROUGH","clipsContent":true,"constraints":{"vertical":"TOP","horizontal":"LEFT"},"absoluteBoundingBox":{"x":925.3333129882812,"y":545.5,"width":44.666664123535156,"height":3},"padding":10,"children":[]}]},{"id":"4781:32108","name":"Step Indicator","type":"FRAME","layoutMode":"VERTICAL","layoutSizingHorizontal":"HUG","layoutSizingVertical":"HUG","layoutWrap":"NO_WRAP","primaryAxisAlignItems":"CENTER","counterAxisAlignItems":"MAX","itemSpacing":10,"layoutAlign":"INHERIT","layoutGrow":0,"strokeWeight":1,"strokeAlign":"INSIDE","blendMode":"PASS_THROUGH","clipsContent":false,"constraints":{"vertical":"TOP","horizontal":"LEFT"},"absoluteBoundingBox":{"x":970,"y":531.4000244140625,"width":20,"height":31.200000762939453},"children":[{"id":"4781:32109","name":"_Nodes","type":"INSTANCE","layoutAlign":"INHERIT","layoutGrow":0,"absoluteBoundingBox":{"x":970,"y":531.4000244140625,"width":20,"height":31.200000762939453},"componentId":"1319:21151","componentProperties":{"Size":{"value":"Small","type":"VARIANT","boundVariables":{}},"Property 1":{"value":"Inactive","type":"VARIANT","boundVariables":{}}},"children":[{"id":"I4781:32109;11179:34063","name":"Node ","type":"FRAME","layoutMode":"HORIZONTAL","layoutSizingHorizontal":"HUG","layoutSizingVertical":"FIXED","layoutWrap":"NO_WRAP","counterAxisSizingMode":"FIXED","primaryAxisAlignItems":"CENTER","counterAxisAlignItems":"CENTER","itemSpacing":8,"layoutAlign":"INHERIT","layoutGrow":0,"strokeWeight":1,"strokeAlign":"INSIDE","blendMode":"PASS_THROUGH","clipsContent":false,"layoutPositioning":"ABSOLUTE","constraints":{"vertical":"TOP","horizontal":"LEFT"},"absoluteBoundingBox":{"x":970,"y":531.4000244140625,"width":20,"height":31},"children":[{"id":"I4781:32109;11179:34064","name":"radio","type":"FRAME","layoutMode":"HORIZONTAL","layoutSizingHorizontal":"HUG","layoutSizingVertical":"FIXED","layoutWrap":"NO_WRAP","counterAxisSizingMode":"FIXED","counterAxisAlignItems":"CENTER","itemSpacing":8,"layoutAlign":"INHERIT","layoutGrow":0,"strokeWeight":1,"strokeAlign":"INSIDE","blendMode":"PASS_THROUGH","clipsContent":false,"constraints":{"vertical":"TOP","horizontal":"LEFT"},"absoluteBoundingBox":{"x":970,"y":534.9000244140625,"width":20,"height":24},"children":[]}]},{"id":"I4781:32109;11179:34067","name":"Inactive Node","type":"GROUP","children":[{"id":"I4781:32109;11179:34069","name":"1","type":"TEXT","characters":"2","style":{"fontFamily":"Noto Sans","fontSize":10,"textAlignHorizontal":"CENTER","letterSpacing":0,"fontWeight":700}}]}]}]},{"id":"4781:32110","name":"Right Line Frame","type":"FRAME","layoutMode":"VERTICAL","layoutSizingHorizontal":"FILL","layoutSizingVertical":"HUG","layoutWrap":"NO_WRAP","counterAxisSizingMode":"FIXED","itemSpacing":10,"layoutAlign":"INHERIT","layoutGrow":1,"strokeWeight":1,"strokeAlign":"INSIDE","blendMode":"PASS_THROUGH","clipsContent":false,"constraints":{"vertical":"TOP","horizontal":"LEFT"},"absoluteBoundingBox":{"x":990,"y":545.5,"width":44.666664123535156,"height":3},"children":[{"id":"4781:32111","name":"Right Line","type":"FRAME","layoutMode":"HORIZONTAL","layoutSizingHorizontal":"FILL","layoutSizingVertical":"HUG","layoutWrap":"NO_WRAP","primaryAxisSizingMode":"FIXED","primaryAxisAlignItems":"CENTER","counterAxisAlignItems":"CENTER","itemSpacing":10,"layoutAlign":"STRETCH","layoutGrow":0,"strokeWeight":1,"strokeAlign":"INSIDE","blendMode":"PASS_THROUGH","clipsContent":true,"constraints":{"vertical":"TOP","horizontal":"LEFT"},"absoluteBoundingBox":{"x":990,"y":545.5,"width":44.666664123535156,"height":3},"padding":10,"children":[]}]}]},{"id":"4781:32112","name":"_Label Text","type":"FRAME","layoutMode":"VERTICAL","layoutSizingHorizontal":"FILL","layoutSizingVertical":"HUG","layoutWrap":"NO_WRAP","counterAxisSizingMode":"FIXED","itemSpacing":4,"layoutAlign":"STRETCH","layoutGrow":0,"strokeWeight":1,"strokeAlign":"INSIDE","blendMode":"PASS_THROUGH","clipsContent":false,"constraints":{"vertical":"TOP","horizontal":"LEFT"},"absoluteBoundingBox":{"x":925.3333129882812,"y":566.6000366210938,"width":109.33332824707031,"height":64},"children":[{"id":"4781:32113","name":"Text Content","type":"FRAME","layoutMode":"VERTICAL","layoutSizingHorizontal":"FILL","layoutSizingVertical":"HUG","layoutWrap":"NO_WRAP","counterAxisSizingMode":"FIXED","counterAxisAlignItems":"CENTER","layoutAlign":"STRETCH","layoutGrow":0,"strokeWeight":1,"strokeAlign":"INSIDE","blendMode":"PASS_THROUGH","clipsContent":false,"constraints":{"vertical":"TOP","horizontal":"LEFT"},"absoluteBoundingBox":{"x":925.3333129882812,"y":566.6000366210938,"width":109.33332824707031,"height":64},"children":[{"id":"4781:32114","name":"Label","type":"TEXT","characters":"Incidentdetails","style":{"fontFamily":"Noto Sans","fontSize":13,"textAlignHorizontal":"CENTER","letterSpacing":0,"fontWeight":400}},{"id":"4781:32115","name":"Supportive Text","type":"TEXT","characters":"Event details and document upload","style":{"fontFamily":"Noto Sans","fontSize":10,"textAlignHorizontal":"CENTER","letterSpacing":0,"fontWeight":400}}]}]}]},{"id":"4781:32118","name":"_Progress step","type":"FRAME","layoutMode":"VERTICAL","layoutSizingHorizontal":"FILL","layoutSizingVertical":"HUG","layoutWrap":"NO_WRAP","counterAxisSizingMode":"FIXED","itemSpacing":4,"layoutAlign":"INHERIT","layoutGrow":1,"strokeWeight":1,"strokeAlign":"INSIDE","blendMode":"PASS_THROUGH","clipsContent":false,"constraints":{"vertical":"TOP","horizontal":"LEFT"},"absoluteBoundingBox":{"x":1034.6666259765625,"y":523.4000244140625,"width":109.33332824707031,"height":115.19999694824219},"padding":"8 undefined","children":[{"id":"4781:32119","name":"Stepper","type":"FRAME","layoutMode":"HORIZONTAL","layoutSizingHorizontal":"FILL","layoutSizingVertical":"HUG","layoutWrap":"NO_WRAP","primaryAxisSizingMode":"FIXED","counterAxisAlignItems":"CENTER","layoutAlign":"STRETCH","layoutGrow":0,"strokeWeight":1,"strokeAlign":"INSIDE","blendMode":"PASS_THROUGH","clipsContent":false,"constraints":{"vertical":"TOP","horizontal":"LEFT"},"absoluteBoundingBox":{"x":1034.6666259765625,"y":531.4000244140625,"width":109.33332824707031,"height":31.200000762939453},"children":[{"id":"4781:32120","name":"Left Line Frame","type":"FRAME","layoutMode":"VERTICAL","layoutSizingHorizontal":"FILL","layoutSizingVertical":"HUG","layoutWrap":"NO_WRAP","counterAxisSizingMode":"FIXED","itemSpacing":10,"layoutAlign":"INHERIT","layoutGrow":1,"strokeWeight":1,"strokeAlign":"INSIDE","blendMode":"PASS_THROUGH","clipsContent":false,"constraints":{"vertical":"TOP","horizontal":"LEFT"},"absoluteBoundingBox":{"x":1034.6666259765625,"y":545.5,"width":44.666664123535156,"height":3},"children":[{"id":"4781:32121","name":"Left Line","type":"FRAME","layoutMode":"HORIZONTAL","layoutSizingHorizontal":"FILL","layoutSizingVertical":"HUG","layoutWrap":"NO_WRAP","primaryAxisSizingMode":"FIXED","itemSpacing":10,"layoutAlign":"STRETCH","layoutGrow":0,"strokeWeight":1,"strokeAlign":"INSIDE","blendMode":"PASS_THROUGH","clipsContent":true,"constraints":{"vertical":"TOP","horizontal":"LEFT"},"absoluteBoundingBox":{"x":1034.6666259765625,"y":545.5,"width":44.666664123535156,"height":3},"padding":10,"children":[]}]},{"id":"4781:32122","name":"Step Indicator","type":"FRAME","layoutMode":"VERTICAL","layoutSizingHorizontal":"HUG","layoutSizingVertical":"HUG","layoutWrap":"NO_WRAP","primaryAxisAlignItems":"CENTER","counterAxisAlignItems":"MAX","itemSpacing":10,"layoutAlign":"INHERIT","layoutGrow":0,"strokeWeight":1,"strokeAlign":"INSIDE","blendMode":"PASS_THROUGH","clipsContent":false,"constraints":{"vertical":"TOP","horizontal":"LEFT"},"absoluteBoundingBox":{"x":1079.333251953125,"y":531.4000244140625,"width":20,"height":31.200000762939453},"children":[{"id":"4781:32123","name":"_Nodes","type":"INSTANCE","layoutAlign":"INHERIT","layoutGrow":0,"absoluteBoundingBox":{"x":1079.333251953125,"y":531.4000244140625,"width":20,"height":31.200000762939453},"componentId":"1319:21151","componentProperties":{"Size":{"value":"Small","type":"VARIANT","boundVariables":{}},"Property 1":{"value":"Inactive","type":"VARIANT","boundVariables":{}}},"children":[{"id":"I4781:32123;11179:34063","name":"Node ","type":"FRAME","layoutMode":"HORIZONTAL","layoutSizingHorizontal":"HUG","layoutSizingVertical":"FIXED","layoutWrap":"NO_WRAP","counterAxisSizingMode":"FIXED","primaryAxisAlignItems":"CENTER","counterAxisAlignItems":"CENTER","itemSpacing":8,"layoutAlign":"INHERIT","layoutGrow":0,"strokeWeight":1,"strokeAlign":"INSIDE","blendMode":"PASS_THROUGH","clipsContent":false,"layoutPositioning":"ABSOLUTE","constraints":{"vertical":"TOP","horizontal":"LEFT"},"absoluteBoundingBox":{"x":1079.333251953125,"y":531.4000244140625,"width":20,"height":31},"children":[{"id":"I4781:32123;11179:34064","name":"radio","type":"FRAME","layoutMode":"HORIZONTAL","layoutSizingHorizontal":"HUG","layoutSizingVertical":"FIXED","layoutWrap":"NO_WRAP","counterAxisSizingMode":"FIXED","counterAxisAlignItems":"CENTER","itemSpacing":8,"layoutAlign":"INHERIT","layoutGrow":0,"strokeWeight":1,"strokeAlign":"INSIDE","blendMode":"PASS_THROUGH","clipsContent":false,"constraints":{"vertical":"TOP","horizontal":"LEFT"},"absoluteBoundingBox":{"x":1079.333251953125,"y":534.9000244140625,"width":20,"height":24},"children":[]}]},{"id":"I4781:32123;11179:34067","name":"Inactive Node","type":"GROUP","children":[{"id":"I4781:32123;11179:34069","name":"1","type":"TEXT","characters":"3","style":{"fontFamily":"Noto Sans","fontSize":10,"textAlignHorizontal":"CENTER","letterSpacing":0,"fontWeight":700}}]}]}]},{"id":"4781:32124","name":"Right Line Frame","type":"FRAME","layoutMode":"VERTICAL","layoutSizingHorizontal":"FILL","layoutSizingVertical":"HUG","layoutWrap":"NO_WRAP","counterAxisSizingMode":"FIXED","itemSpacing":10,"layoutAlign":"INHERIT","layoutGrow":1,"strokeWeight":1,"strokeAlign":"INSIDE","blendMode":"PASS_THROUGH","clipsContent":false,"constraints":{"vertical":"TOP","horizontal":"LEFT"},"absoluteBoundingBox":{"x":1099.333251953125,"y":545.5,"width":44.666664123535156,"height":3},"children":[{"id":"4781:32125","name":"Right Line","type":"FRAME","layoutMode":"HORIZONTAL","layoutSizingHorizontal":"FILL","layoutSizingVertical":"HUG","layoutWrap":"NO_WRAP","primaryAxisSizingMode":"FIXED","primaryAxisAlignItems":"CENTER","counterAxisAlignItems":"CENTER","itemSpacing":10,"layoutAlign":"STRETCH","layoutGrow":0,"strokeWeight":1,"strokeAlign":"INSIDE","blendMode":"PASS_THROUGH","clipsContent":true,"constraints":{"vertical":"TOP","horizontal":"LEFT"},"absoluteBoundingBox":{"x":1099.333251953125,"y":545.5,"width":44.666664123535156,"height":3},"padding":10,"children":[]}]}]},{"id":"4781:32126","name":"_Label Text","type":"FRAME","layoutMode":"VERTICAL","layoutSizingHorizontal":"FILL","layoutSizingVertical":"HUG","layoutWrap":"NO_WRAP","counterAxisSizingMode":"FIXED","itemSpacing":4,"layoutAlign":"STRETCH","layoutGrow":0,"strokeWeight":1,"strokeAlign":"INSIDE","blendMode":"PASS_THROUGH","clipsContent":false,"constraints":{"vertical":"TOP","horizontal":"LEFT"},"absoluteBoundingBox":{"x":1034.6666259765625,"y":566.6000366210938,"width":109.33332824707031,"height":64},"children":[{"id":"4781:32127","name":"Text Content","type":"FRAME","layoutMode":"VERTICAL","layoutSizingHorizontal":"FILL","layoutSizingVertical":"HUG","layoutWrap":"NO_WRAP","counterAxisSizingMode":"FIXED","counterAxisAlignItems":"CENTER","layoutAlign":"STRETCH","layoutGrow":0,"strokeWeight":1,"strokeAlign":"INSIDE","blendMode":"PASS_THROUGH","clipsContent":false,"constraints":{"vertical":"TOP","horizontal":"LEFT"},"absoluteBoundingBox":{"x":1034.6666259765625,"y":566.6000366210938,"width":109.33332824707031,"height":64},"children":[{"id":"4781:32128","name":"Label","type":"TEXT","characters":"Addbank","style":{"fontFamily":"Noto Sans","fontSize":13,"textAlignHorizontal":"CENTER","letterSpacing":0,"fontWeight":400}},{"id":"4781:32129","name":"Supportive Text","type":"TEXT","characters":"Bank account confirmation","style":{"fontFamily":"Noto Sans","fontSize":10,"textAlignHorizontal":"CENTER","letterSpacing":0,"fontWeight":400}}]}]}]}]},{"id":"4781:32136","name":"Documents Container","type":"FRAME","layoutMode":"VERTICAL","layoutSizingHorizontal":"FIXED","layoutSizingVertical":"FIXED","layoutWrap":"NO_WRAP","primaryAxisSizingMode":"FIXED","counterAxisSizingMode":"FIXED","itemSpacing":8,"layoutAlign":"INHERIT","layoutGrow":0,"strokeWeight":1,"strokeAlign":"INSIDE","cornerRadius":12,"blendMode":"PASS_THROUGH","clipsContent":true,"constraints":{"vertical":"TOP","horizontal":"LEFT"},"absoluteBoundingBox":{"x":816,"y":656,"width":328,"height":250},"padding":"20 undefined","effects":["box-shadow: 0px 4px 12px 0px rgba(114, 120, 129, 0.20000000298023224)"],"children":[{"id":"4781:32137","name":"Documents Section","type":"FRAME","layoutMode":"VERTICAL","layoutSizingHorizontal":"FILL","layoutSizingVertical":"HUG","layoutWrap":"NO_WRAP","counterAxisSizingMode":"FIXED","primaryAxisAlignItems":"CENTER","itemSpacing":24,"layoutAlign":"STRETCH","layoutGrow":0,"strokeWeight":1.5,"strokeAlign":"OUTSIDE","cornerRadius":8,"blendMode":"PASS_THROUGH","clipsContent":false,"constraints":{"vertical":"TOP","horizontal":"LEFT"},"absoluteBoundingBox":{"x":816,"y":676,"width":328,"height":204},"padding":"undefined 20","children":[{"id":"4781:32138","name":"Documents Header","type":"FRAME","layoutMode":"HORIZONTAL","layoutSizingHorizontal":"HUG","layoutSizingVertical":"HUG","layoutWrap":"NO_WRAP","itemSpacing":20,"layoutAlign":"INHERIT","layoutGrow":0,"strokeWeight":1,"strokeAlign":"INSIDE","blendMode":"PASS_THROUGH","clipsContent":false,"constraints":{"vertical":"TOP","horizontal":"LEFT"},"absoluteBoundingBox":{"x":836,"y":676,"width":256,"height":48},"children":[{"id":"4781:32139","name":"Documents Details","type":"FRAME","layoutMode":"VERTICAL","layoutSizingHorizontal":"HUG","layoutSizingVertical":"HUG","layoutWrap":"NO_WRAP","primaryAxisAlignItems":"CENTER","itemSpacing":8,"layoutAlign":"INHERIT","layoutGrow":0,"strokeWeight":1,"strokeAlign":"INSIDE","blendMode":"PASS_THROUGH","clipsContent":false,"constraints":{"vertical":"TOP","horizontal":"LEFT"},"absoluteBoundingBox":{"x":836,"y":676,"width":256,"height":48},"children":[{"id":"4781:32140","name":"Documents Title Container","type":"FRAME","layoutMode":"VERTICAL","layoutSizingHorizontal":"HUG","layoutSizingVertical":"HUG","layoutWrap":"NO_WRAP","itemSpacing":2,"layoutAlign":"INHERIT","layoutGrow":0,"strokeWeight":1,"strokeAlign":"INSIDE","blendMode":"PASS_THROUGH","clipsContent":false,"constraints":{"vertical":"TOP","horizontal":"LEFT"},"absoluteBoundingBox":{"x":836,"y":676,"width":133,"height":22},"children":[{"id":"4781:32141","name":"Documents Title Content","type":"FRAME","layoutMode":"HORIZONTAL","layoutSizingHorizontal":"FILL","layoutSizingVertical":"HUG","layoutWrap":"NO_WRAP","primaryAxisSizingMode":"FIXED","counterAxisAlignItems":"CENTER","itemSpacing":2,"layoutAlign":"STRETCH","layoutGrow":0,"strokeWeight":1,"strokeAlign":"INSIDE","blendMode":"PASS_THROUGH","clipsContent":false,"constraints":{"vertical":"TOP","horizontal":"LEFT"},"absoluteBoundingBox":{"x":836,"y":676,"width":133,"height":22},"children":[{"id":"4781:32142","name":"Documents Title","type":"TEXT","characters":"Before you begin","style":{"fontFamily":"Noto Sans","fontSize":16,"textAlignHorizontal":"LEFT","letterSpacing":0,"fontWeight":600}}]}]},{"id":"4781:32143","name":"Documents Description Container","type":"FRAME","layoutMode":"VERTICAL","layoutSizingHorizontal":"HUG","layoutSizingVertical":"HUG","layoutWrap":"NO_WRAP","itemSpacing":2,"layoutAlign":"INHERIT","layoutGrow":0,"strokeWeight":1,"strokeAlign":"INSIDE","blendMode":"PASS_THROUGH","clipsContent":false,"constraints":{"vertical":"TOP","horizontal":"LEFT"},"absoluteBoundingBox":{"x":836,"y":706,"width":256,"height":18},"children":[{"id":"4781:32144","name":"Documents Description","type":"TEXT","characters":"You only need a few details to get started:","style":{"fontFamily":"Noto Sans","fontSize":13,"textAlignHorizontal":"LEFT","letterSpacing":0,"fontWeight":400}}]}]}]},{"id":"4781:32145","name":"Required Documents","type":"FRAME","layoutMode":"VERTICAL","layoutSizingHorizontal":"FILL","layoutSizingVertical":"HUG","layoutWrap":"NO_WRAP","counterAxisSizingMode":"FIXED","itemSpacing":16,"layoutAlign":"STRETCH","layoutGrow":0,"strokeWeight":1,"strokeAlign":"INSIDE","blendMode":"PASS_THROUGH","clipsContent":false,"constraints":{"vertical":"TOP","horizontal":"LEFT"},"absoluteBoundingBox":{"x":836,"y":748,"width":288,"height":132},"children":[{"id":"4781:32146","name":"Required doc - 2","type":"FRAME","layoutMode":"HORIZONTAL","layoutSizingHorizontal":"FIXED","layoutSizingVertical":"HUG","layoutWrap":"NO_WRAP","primaryAxisSizingMode":"FIXED","counterAxisAlignItems":"CENTER","itemSpacing":8,"layoutAlign":"INHERIT","layoutGrow":0,"strokeWeight":1,"strokeAlign":"INSIDE","blendMode":"PASS_THROUGH","clipsContent":false,"constraints":{"vertical":"TOP","horizontal":"LEFT"},"absoluteBoundingBox":{"x":836,"y":748,"width":152,"height":28},"children":[{"id":"4781:32147","name":"Photo","type":"FRAME","layoutMode":"HORIZONTAL","layoutSizingHorizontal":"FIXED","layoutSizingVertical":"FIXED","layoutWrap":"NO_WRAP","primaryAxisSizingMode":"FIXED","counterAxisSizingMode":"FIXED","primaryAxisAlignItems":"CENTER","counterAxisAlignItems":"CENTER","itemSpacing":10,"layoutAlign":"INHERIT","layoutGrow":0,"strokeWeight":1,"strokeAlign":"INSIDE","cornerRadius":999,"blendMode":"PASS_THROUGH","clipsContent":false,"constraints":{"vertical":"TOP","horizontal":"LEFT"},"absoluteBoundingBox":{"x":836,"y":748,"width":28,"height":28},"padding":"12 13","children":[{"id":"4781:32148","name":"Death Certificate Icon","type":"INSTANCE","layoutAlign":"INHERIT","layoutGrow":0,"absoluteBoundingBox":{"x":842,"y":754,"width":16,"height":16},"componentId":"1526:24979","children":[]}]},{"id":"4781:32149","name":"Death Certificate Text","type":"TEXT","characters":"Death Certificate","style":{"fontFamily":"Noto Sans","fontSize":13,"textAlignHorizontal":"LEFT","letterSpacing":0,"fontWeight":400}}]},{"id":"4781:32150","name":"Required doc - 3","type":"FRAME","layoutMode":"HORIZONTAL","layoutSizingHorizontal":"HUG","layoutSizingVertical":"HUG","layoutWrap":"NO_WRAP","counterAxisAlignItems":"CENTER","itemSpacing":8,"layoutAlign":"INHERIT","layoutGrow":0,"strokeWeight":1,"strokeAlign":"INSIDE","blendMode":"PASS_THROUGH","clipsContent":false,"constraints":{"vertical":"TOP","horizontal":"LEFT"},"absoluteBoundingBox":{"x":836,"y":792,"width":146,"height":36},"children":[{"id":"4781:32151","name":"Photo","type":"FRAME","layoutMode":"HORIZONTAL","layoutSizingHorizontal":"FIXED","layoutSizingVertical":"FIXED","layoutWrap":"NO_WRAP","primaryAxisSizingMode":"FIXED","counterAxisSizingMode":"FIXED","primaryAxisAlignItems":"CENTER","counterAxisAlignItems":"CENTER","itemSpacing":10,"layoutAlign":"INHERIT","layoutGrow":0,"strokeWeight":1,"strokeAlign":"INSIDE","cornerRadius":999,"blendMode":"PASS_THROUGH","clipsContent":false,"constraints":{"vertical":"TOP","horizontal":"LEFT"},"absoluteBoundingBox":{"x":836,"y":796,"width":28,"height":28},"padding":"12 13","children":[{"id":"4781:32152","name":"Policy Pack Icon","type":"INSTANCE","layoutAlign":"INHERIT","layoutGrow":0,"absoluteBoundingBox":{"x":842,"y":802,"width":16,"height":16},"componentId":"1526:24981","children":[]}]},{"id":"4781:32153","name":"Policy Pack Text","type":"TEXT","characters":"Policy Pack andOther Documents","style":{"fontFamily":"Noto Sans","fontSize":13,"textAlignHorizontal":"LEFT","letterSpacing":0,"fontWeight":400}}]},{"id":"4781:32154","name":"Required doc - 4","type":"FRAME","layoutMode":"HORIZONTAL","layoutSizingHorizontal":"HUG","layoutSizingVertical":"HUG","layoutWrap":"NO_WRAP","counterAxisAlignItems":"CENTER","itemSpacing":8,"layoutAlign":"INHERIT","layoutGrow":0,"strokeWeight":1,"strokeAlign":"INSIDE","blendMode":"PASS_THROUGH","clipsContent":false,"constraints":{"vertical":"TOP","horizontal":"LEFT"},"absoluteBoundingBox":{"x":836,"y":844,"width":162,"height":36},"children":[{"id":"4781:32155","name":"Photo","type":"FRAME","layoutMode":"HORIZONTAL","layoutSizingHorizontal":"FIXED","layoutSizingVertical":"FIXED","layoutWrap":"NO_WRAP","primaryAxisSizingMode":"FIXED","counterAxisSizingMode":"FIXED","primaryAxisAlignItems":"CENTER","counterAxisAlignItems":"CENTER","itemSpacing":10,"layoutAlign":"INHERIT","layoutGrow":0,"strokeWeight":1,"strokeAlign":"INSIDE","cornerRadius":999,"blendMode":"PASS_THROUGH","clipsContent":false,"constraints":{"vertical":"TOP","horizontal":"LEFT"},"absoluteBoundingBox":{"x":836,"y":848,"width":28,"height":28},"padding":"12 13","children":[{"id":"4781:32156","name":"EKYC Documents Icon","type":"INSTANCE","layoutAlign":"INHERIT","layoutGrow":0,"absoluteBoundingBox":{"x":842,"y":854,"width":16,"height":16},"componentId":"1526:24981","children":[]}]},{"id":"4781:32157","name":"EKYC Documents Text","type":"TEXT","characters":"EKYC Documents (Yours and Insurer's)","style":{"fontFamily":"Noto Sans","fontSize":13,"textAlignHorizontal":"LEFT","letterSpacing":0,"fontWeight":500}}]},{"id":"4781:32158","name":"Image Container","type":"FRAME","layoutSizingHorizontal":"FIXED","layoutSizingVertical":"FIXED","layoutAlign":"INHERIT","layoutGrow":0,"strokeWeight":1,"strokeAlign":"INSIDE","cornerRadius":16,"blendMode":"PASS_THROUGH","clipsContent":true,"layoutPositioning":"ABSOLUTE","constraints":{"vertical":"TOP","horizontal":"LEFT"},"absoluteBoundingBox":{"x":995,"y":793,"width":154,"height":113},"children":[]}]}]}]}]},{"id":"4781:32166","name":"container","type":"FRAME","layoutMode":"VERTICAL","layoutSizingHorizontal":"FIXED","layoutSizingVertical":"HUG","layoutWrap":"NO_WRAP","counterAxisSizingMode":"FIXED","itemSpacing":16,"layoutAlign":"INHERIT","layoutGrow":0,"strokeWeight":1,"strokeAlign":"INSIDE","cornerRadius":12,"blendMode":"PASS_THROUGH","clipsContent":false,"constraints":{"vertical":"TOP","horizontal":"LEFT"},"absoluteBoundingBox":{"x":816,"y":922,"width":328,"height":240},"padding":24,"children":[{"id":"4781:32167","name":"Note Title","type":"TEXT","characters":"Please note:","style":{"fontFamily":"Noto Sans","fontSize":13,"textAlignHorizontal":"LEFT","letterSpacing":0,"fontWeight":600}},{"id":"4781:32168","name":"Points","type":"FRAME","layoutMode":"VERTICAL","layoutSizingHorizontal":"FILL","layoutSizingVertical":"HUG","layoutWrap":"NO_WRAP","counterAxisSizingMode":"FIXED","itemSpacing":16,"layoutAlign":"STRETCH","layoutGrow":0,"strokeWeight":1,"strokeAlign":"INSIDE","blendMode":"PASS_THROUGH","clipsContent":false,"constraints":{"vertical":"TOP","horizontal":"LEFT"},"absoluteBoundingBox":{"x":840,"y":980,"width":280,"height":158},"children":[{"id":"4781:32169","name":"point","type":"FRAME","layoutMode":"HORIZONTAL","layoutSizingHorizontal":"FILL","layoutSizingVertical":"HUG","layoutWrap":"NO_WRAP","primaryAxisSizingMode":"FIXED","itemSpacing":12,"layoutAlign":"STRETCH","layoutGrow":0,"strokeWeight":1,"strokeAlign":"INSIDE","blendMode":"PASS_THROUGH","clipsContent":false,"constraints":{"vertical":"TOP","horizontal":"LEFT"},"absoluteBoundingBox":{"x":840,"y":980,"width":280,"height":54},"children":[{"id":"4781:32170","name":"videocam_24dp_1F1F1F_FILL0_wght400_GRAD0_opsz24 1","type":"FRAME","layoutSizingHorizontal":"FIXED","layoutSizingVertical":"FIXED","layoutAlign":"INHERIT","layoutGrow":0,"strokeWeight":0.6666666865348816,"strokeAlign":"INSIDE","blendMode":"PASS_THROUGH","clipsContent":true,"constraints":{"vertical":"TOP","horizontal":"LEFT"},"absoluteBoundingBox":{"x":840,"y":980,"width":16,"height":16},"children":[]},{"id":"4781:32172","name":"Note Text","type":"TEXT","characters":"The information you share in the claim form will be officially recorded for the policy. ","style":{"fontFamily":"Noto Sans","fontSize":13,"textAlignHorizontal":"LEFT","letterSpacing":0,"fontWeight":400}}]},{"id":"4781:32173","name":"point","type":"FRAME","layoutMode":"HORIZONTAL","layoutSizingHorizontal":"FILL","layoutSizingVertical":"HUG","layoutWrap":"NO_WRAP","primaryAxisSizingMode":"FIXED","itemSpacing":12,"layoutAlign":"STRETCH","layoutGrow":0,"strokeWeight":1,"strokeAlign":"INSIDE","blendMode":"PASS_THROUGH","clipsContent":false,"constraints":{"vertical":"TOP","horizontal":"LEFT"},"absoluteBoundingBox":{"x":840,"y":1050,"width":280,"height":36},"children":[{"id":"4781:32174","name":"recenter_24dp_1F1F1F_FILL0_wght400_GRAD0_opsz24 1","type":"FRAME","layoutSizingHorizontal":"FIXED","layoutSizingVertical":"FIXED","layoutAlign":"INHERIT","layoutGrow":0,"strokeWeight":0.6666666865348816,"strokeAlign":"INSIDE","blendMode":"PASS_THROUGH","clipsContent":true,"constraints":{"vertical":"TOP","horizontal":"LEFT"},"absoluteBoundingBox":{"x":840,"y":1050,"width":16,"height":16},"children":[]},{"id":"4781:32176","name":"Note Text","type":"TEXT","characters":"Please ensure the information you are sharing is correct.","style":{"fontFamily":"Noto Sans","fontSize":13,"textAlignHorizontal":"LEFT","letterSpacing":0,"fontWeight":400}}]},{"id":"4781:32177","name":"point","type":"FRAME","layoutMode":"HORIZONTAL","layoutSizingHorizontal":"FILL","layoutSizingVertical":"HUG","layoutWrap":"NO_WRAP","primaryAxisSizingMode":"FIXED","itemSpacing":12,"layoutAlign":"STRETCH","layoutGrow":0,"strokeWeight":1,"strokeAlign":"INSIDE","blendMode":"PASS_THROUGH","clipsContent":false,"constraints":{"vertical":"TOP","horizontal":"LEFT"},"absoluteBoundingBox":{"x":840,"y":1102,"width":280,"height":36},"children":[{"id":"4781:32178","name":"password_2_off_24dp_1F1F1F_FILL0_wght400_GRAD0_opsz24 1","type":"FRAME","layoutSizingHorizontal":"FIXED","layoutSizingVertical":"FIXED","layoutAlign":"INHERIT","layoutGrow":0,"strokeWeight":0.6666666865348816,"strokeAlign":"INSIDE","blendMode":"PASS_THROUGH","clipsContent":true,"constraints":{"vertical":"TOP","horizontal":"LEFT"},"absoluteBoundingBox":{"x":840,"y":1102,"width":16,"height":16},"children":[]},{"id":"4781:32180","name":"Note Text","type":"TEXT","characters":"Our team will never ask you to share the OTP.","style":{"fontFamily":"Noto Sans","fontSize":13,"textAlignHorizontal":"LEFT","letterSpacing":0,"fontWeight":400}}]}]}]},{"id":"4781:32185","name":"container","type":"FRAME","layoutMode":"VERTICAL","layoutSizingHorizontal":"FIXED","layoutSizingVertical":"HUG","layoutWrap":"NO_WRAP","counterAxisSizingMode":"FIXED","itemSpacing":16,"layoutAlign":"INHERIT","layoutGrow":0,"strokeWeight":1,"strokeAlign":"INSIDE","cornerRadius":12,"blendMode":"PASS_THROUGH","clipsContent":false,"constraints":{"vertical":"TOP","horizontal":"LEFT"},"absoluteBoundingBox":{"x":816,"y":1178,"width":328,"height":256.3529357910156},"padding":24,"children":[{"id":"4781:32186","name":"Warning Text","type":"TEXT","characters":"Providing incorrect or misleading information, whether intentionally or unintentionally can lead to:","style":{"fontFamily":"Noto Sans","fontSize":13,"textAlignHorizontal":"LEFT","letterSpacing":0,"fontWeight":500}},{"id":"4781:32187","name":"Points","type":"FRAME","layoutMode":"VERTICAL","layoutSizingHorizontal":"FILL","layoutSizingVertical":"HUG","layoutWrap":"NO_WRAP","counterAxisSizingMode":"FIXED","itemSpacing":16,"layoutAlign":"STRETCH","layoutGrow":0,"strokeWeight":1,"strokeAlign":"INSIDE","blendMode":"PASS_THROUGH","clipsContent":false,"constraints":{"vertical":"TOP","horizontal":"LEFT"},"absoluteBoundingBox":{"x":840,"y":1272,"width":280,"height":138.35293579101562},"children":[{"id":"4781:32188","name":"point","type":"FRAME","layoutMode":"HORIZONTAL","layoutSizingHorizontal":"FILL","layoutSizingVertical":"HUG","layoutWrap":"NO_WRAP","primaryAxisSizingMode":"FIXED","counterAxisAlignItems":"CENTER","itemSpacing":8,"layoutAlign":"STRETCH","layoutGrow":0,"strokeWeight":1,"strokeAlign":"INSIDE","blendMode":"PASS_THROUGH","clipsContent":false,"constraints":{"vertical":"TOP","horizontal":"LEFT"},"absoluteBoundingBox":{"x":840,"y":1272,"width":280,"height":24},"children":[{"id":"4781:32189","name":"system-Icons/Policy","type":"INSTANCE","layoutAlign":"INHERIT","layoutGrow":0,"absoluteBoundingBox":{"x":840,"y":1272,"width":24,"height":24},"componentId":"4646:145264","componentProperties":{"State":{"value":"Default","type":"VARIANT","boundVariables":{}},"Size":{"value":"Small","type":"VARIANT","boundVariables":{}}},"children":[]},{"id":"4781:32190","name":"Warning Item","type":"TEXT","characters":"Delay in Policy Issuance","style":{"fontFamily":"Noto Sans","fontSize":13,"textAlignHorizontal":"LEFT","letterSpacing":0,"fontWeight":400}}]},{"id":"4781:32191","name":"point","type":"FRAME","layoutMode":"HORIZONTAL","layoutSizingHorizontal":"FILL","layoutSizingVertical":"HUG","layoutWrap":"NO_WRAP","primaryAxisSizingMode":"FIXED","counterAxisAlignItems":"CENTER","itemSpacing":8,"layoutAlign":"STRETCH","layoutGrow":0,"strokeWeight":1,"strokeAlign":"INSIDE","blendMode":"PASS_THROUGH","clipsContent":false,"constraints":{"vertical":"TOP","horizontal":"LEFT"},"absoluteBoundingBox":{"x":840,"y":1312,"width":280,"height":24},"children":[{"id":"4781:32192","name":"dangerous_24dp_1F1F1F_FILL0_wght400_GRAD0_opsz24 3","type":"FRAME","layoutMode":"HORIZONTAL","layoutSizingHorizontal":"FIXED","layoutSizingVertical":"FIXED","layoutWrap":"NO_WRAP","primaryAxisSizingMode":"FIXED","counterAxisSizingMode":"FIXED","primaryAxisAlignItems":"CENTER","counterAxisAlignItems":"CENTER","itemSpacing":10,"layoutAlign":"INHERIT","layoutGrow":0,"strokeWeight":1,"strokeAlign":"INSIDE","cornerRadius":4,"blendMode":"PASS_THROUGH","clipsContent":true,"constraints":{"vertical":"TOP","horizontal":"LEFT"},"absoluteBoundingBox":{"x":840,"y":1312,"width":24,"height":24},"children":[]},{"id":"4781:32194","name":"Warning Item","type":"TEXT","characters":"Policy Cancellation","style":{"fontFamily":"Noto Sans","fontSize":13,"textAlignHorizontal":"LEFT","letterSpacing":0,"fontWeight":400}}]},{"id":"4781:32195","name":"point","type":"FRAME","layoutMode":"HORIZONTAL","layoutSizingHorizontal":"FILL","layoutSizingVertical":"HUG","layoutWrap":"NO_WRAP","primaryAxisSizingMode":"FIXED","counterAxisAlignItems":"CENTER","itemSpacing":8,"layoutAlign":"STRETCH","layoutGrow":0,"strokeWeight":1,"strokeAlign":"INSIDE","blendMode":"PASS_THROUGH","clipsContent":false,"constraints":{"vertical":"TOP","horizontal":"LEFT"},"absoluteBoundingBox":{"x":840,"y":1352,"width":280,"height":21.176469802856445},"children":[{"id":"4781:32196","name":"contract_delete_24dp_1F1F1F_FILL0_wght400_GRAD0_opsz24 1","type":"FRAME","layoutSizingHorizontal":"FIXED","layoutSizingVertical":"FIXED","layoutAlign":"INHERIT","layoutGrow":0,"strokeWeight":0.8823529481887817,"strokeAlign":"INSIDE","blendMode":"PASS_THROUGH","clipsContent":true,"constraints":{"vertical":"TOP","horizontal":"LEFT"},"absoluteBoundingBox":{"x":840,"y":1352,"width":21.176469802856445,"height":21.176469802856445},"children":[]},{"id":"4781:32198","name":"Warning Item","type":"TEXT","characters":"Claim Rejection","style":{"fontFamily":"Noto Sans","fontSize":13,"textAlignHorizontal":"LEFT","letterSpacing":0,"fontWeight":400}}]},{"id":"4781:32199","name":"point","type":"FRAME","layoutMode":"HORIZONTAL","layoutSizingHorizontal":"FILL","layoutSizingVertical":"HUG","layoutWrap":"NO_WRAP","primaryAxisSizingMode":"FIXED","counterAxisAlignItems":"CENTER","itemSpacing":8,"layoutAlign":"STRETCH","layoutGrow":0,"strokeWeight":1,"strokeAlign":"INSIDE","blendMode":"PASS_THROUGH","clipsContent":false,"constraints":{"vertical":"TOP","horizontal":"LEFT"},"absoluteBoundingBox":{"x":840,"y":1389.176513671875,"width":280,"height":21.176469802856445},"children":[{"id":"4781:32200","name":"contract_delete_24dp_1F1F1F_FILL0_wght400_GRAD0_opsz24 1","type":"FRAME","layoutSizingHorizontal":"FIXED","layoutSizingVertical":"FIXED","layoutAlign":"INHERIT","layoutGrow":0,"strokeWeight":0.8823529481887817,"strokeAlign":"INSIDE","blendMode":"PASS_THROUGH","clipsContent":true,"constraints":{"vertical":"TOP","horizontal":"LEFT"},"absoluteBoundingBox":{"x":840,"y":1389.176513671875,"width":21.176469802856445,"height":21.176469802856445},"children":[]},{"id":"4781:32202","name":"Warning Item","type":"TEXT","characters":"No third party involvement allowed ","style":{"fontFamily":"Noto Sans","fontSize":13,"textAlignHorizontal":"LEFT","letterSpacing":0,"fontWeight":400}}]}]}]}]}]},{"id":"3455:15143","name":"Navigation/Headers","type":"FRAME","layoutMode":"HORIZONTAL","layoutSizingHorizontal":"FIXED","layoutSizingVertical":"HUG","layoutWrap":"NO_WRAP","primaryAxisSizingMode":"FIXED","counterAxisAlignItems":"CENTER","itemSpacing":8,"minWidth":320,"minHeight":64,"maxWidth":440,"strokeWeight":1,"strokeAlign":"INSIDE","blendMode":"PASS_THROUGH","clipsContent":false,"constraints":{"vertical":"TOP","horizontal":"LEFT"},"absoluteBoundingBox":{"x":800,"y":0,"width":360,"height":64},"padding":"12 16","effects":["box-shadow: 0px 4px 12px 0px rgba(144, 164, 202, 0.20000000298023224)"],"children":[{"id":"3455:15144","name":"system-Icons/Arrow","type":"INSTANCE","layoutAlign":"INHERIT","layoutGrow":0,"absoluteBoundingBox":{"x":816,"y":20,"width":24,"height":24},"componentId":"4646:138791","componentProperties":{"Directions":{"value":"Left","type":"VARIANT","boundVariables":{}},"Size":{"value":"Default","type":"VARIANT","boundVariables":{}}},"children":[]},{"id":"3455:15146","name":"Title","type":"TEXT","characters":"Register Death Claim","style":{"fontFamily":"Noto Sans","fontSize":13,"textAlignHorizontal":"LEFT","letterSpacing":0,"fontWeight":400}}]},{"id":"3455:15149","name":"CTA container","type":"FRAME","layoutMode":"VERTICAL","layoutSizingHorizontal":"FIXED","layoutSizingVertical":"HUG","layoutWrap":"NO_WRAP","counterAxisSizingMode":"FIXED","itemSpacing":10,"strokeWeight":1,"strokeAlign":"INSIDE","blendMode":"PASS_THROUGH","clipsContent":false,"constraints":{"vertical":"BOTTOM","horizontal":"RIGHT"},"absoluteBoundingBox":{"x":800,"y":1445,"width":360,"height":88},"padding":"16 16 24","children":[{"id":"3455:15154","name":"Button/Default","type":"INSTANCE","layoutAlign":"STRETCH","layoutGrow":0,"absoluteBoundingBox":{"x":816,"y":1461,"width":328,"height":48},"componentId":"4646:134869","componentProperties":{"Icon right#835:18":{"type":"INSTANCE_SWAP","value":"4646:133539","preferredValues":[]},"Has text#835:20":{"type":"BOOLEAN","value":true},"Has icon right?#835:17":{"type":"BOOLEAN","value":false},"Has icon left?#835:19":{"type":"BOOLEAN","value":false},"Icon left#835:16":{"type":"INSTANCE_SWAP","value":"4646:133539","preferredValues":[]},"Label#835:15":{"type":"TEXT","value":"Login"},"Type":{"value":"Primary","type":"VARIANT","boundVariables":{}},"State":{"value":"Disabled","type":"VARIANT","boundVariables":{}}},"children":[{"id":"I3455:15154;25:216","name":"Default","type":"TEXT","characters":"Login","style":{"fontFamily":"Noto Sans","fontSize":16,"textAlignHorizontal":"CENTER","letterSpacing":0,"fontWeight":700}}]}]}]},"components":{"4646:137050":{"id":"4646:137050","name":"Type=Unselected, State=Enabled","componentSetName":"Input/Control/Radio","componentSetDescription":""},"4646:138694":{"id":"4646:138694","name":"State=Default","componentSetName":"Input/Select","componentSetDescription":""},"2:613":{"id":"2:613","name":"Property 1=Default","componentSetName":"cursor","componentSetDescription":""},"4646:138097":{"id":"4646:138097","name":"Direction=Down, Size=Default","componentSetName":"system-Icons/Chevron","componentSetDescription":""},"4646:138577":{"id":"4646:138577","name":"Size=Small","componentSetName":"system-Icons/Info","componentSetDescription":""},"4646:138359":{"id":"4646:138359","name":"Type=horizontal, Title=false, ⬑Orientation=.N/A","componentSetName":"Divider","componentSetDescription":"A divider line separates content."},"546:29142":{"id":"546:29142","name":"Property 1=Disabled","componentSetName":"Sidenav_base_ component","componentSetDescription":""},"1319:21151":{"id":"1319:21151","name":"Size=Small, Property 1=Inactive","componentSetName":"_Nodes","componentSetDescription":""},"4646:133579":{"id":"4646:133579","name":"Variant=Badge, Size=Small, Style=Simple, State=Information","componentSetName":"Content / Badge","componentSetDescription":"Badges are small visual elements that emphasize key features, status or promotions within a user flow. Their content should typically be three words or fewer."},"4646:133539":{"id":"4646:133539","name":"State=Default, Size=Default","componentSetName":"system-Icons/Heart","componentSetDescription":""},"1319:21210":{"id":"1319:21210","name":"Progress Step State=Inactive, Direction=Horizontal, Size=Small, State=Default","componentSetName":"_Progress step","componentSetDescription":""},"1319:21129":{"id":"1319:21129","name":"Size=Small","componentSetName":"_Label Text","componentSetDescription":""},"390:11149":{"id":"390:11149","name":"Variant=Badge, Size=Small, Style=Simple, State=Information","componentSetName":"Content / Badge","componentSetDescription":"Badges are small visual elements that emphasize key features, status or promotions within a user flow. Their content should typically be three words or fewer."},"382:9242":{"id":"382:9242","name":"State=Default, Size=Default","componentSetName":"system-Icons/Heart","componentSetDescription":""},"4646:145264":{"id":"4646:145264","name":"State=Default, Size=Small","componentSetName":"system-Icons/Policy","componentSetDescription":""},"4646:138791":{"id":"4646:138791","name":"Directions=Left, Size=Default","componentSetName":"system-Icons/Arrow","componentSetDescription":""},"4646:138477":{"id":"4646:138477","name":"Type=Checked, State=Enabled","componentSetName":"Input/Control/Checkbox","componentSetDescription":""},"4646:133935":{"id":"4646:133935","name":"Type=Neutral link, State=Idle","componentSetName":"Button/Small","componentSetDescription":""},"4646:138800":{"id":"4646:138800","name":"Directions=Right, Size=Small","componentSetName":"system-Icons/Arrow","componentSetDescription":""},"4646:134869":{"id":"4646:134869","name":"Type=Primary, State=Disabled","componentSetName":"Button/Default","componentSetDescription":""}}}